NOMINATION_ID,NOMINATION_ID
3GS-EXP20-0001,3GS-EXP20-0001
3GS-EXP20-0070,3GS-EXP20-0070
3GS-EXP20-0102,3GS-EXP20-0102
3GS-EXP20-0106,3GS-EXP20-0106
3GS-EXP20-0146,3GS-EXP20-0146
3GS-EXP20-0217,3GS-EXP20-0217
3GS-EXP20-0324,3GS-EXP20-0324
3GS-EXP20-0670,3GS-EXP20-0670
3GS-EXP20-0681,3GS-EXP20-0681
3GS-EXP20-0744,3GS-EXP20-0744
3GS-EXP20-0748,3GS-EXP20-0748
3GS-EXP20-0763,3GS-EXP20-0763
3GS-EXP20-0777,3GS-EXP20-0777
3GS-EXP20-0842,3GS-EXP20-0842
3GS-EXP20-0917,3GS-EXP20-0917
3GS-EXP20-0939,3GS-EXP20-0939
3GS-EXP20-10075,3GS-EXP20-10075
3GS-EXP20-10076,3GS-EXP20-10076
3GS-EXP20-10077,3GS-EXP20-10077
3GS-EXP20-10088,3GS-EXP20-10088
3GS-EXP20-10100,3GS-EXP20-10100
3GS-EXP20-10101,3GS-EXP20-10101
3GS-EXP20-10145,3GS-EXP20-10145
3GS-EXP20-10214,3GS-EXP20-10214
3GS-EXP20-10217,3GS-EXP20-10217
3GS-EXP20-10293,3GS-EXP20-10293
3GS-EXP20-10294,3GS-EXP20-10294
3GS-EXP20-10295,3GS-EXP20-10295
3GS-EXP20-10297,3GS-EXP20-10297
3GS-EXP20-10359,3GS-EXP20-10359
3GS-EXP20-10360,3GS-EXP20-10360
3GS-EXP20-10414,3GS-EXP20-10414
3GS-EXP20-10415,3GS-EXP20-10415
3GS-EXP20-10452,3GS-EXP20-10452
3GS-EXP20-10453,3GS-EXP20-10453
3GS-EXP20-10458,3GS-EXP20-10458
3GS-EXP20-10459,3GS-EXP20-10459
3GS-EXP20-10460,3GS-EXP20-10460
3GS-EXP20-1078,3GS-EXP20-1078
3GS-EXP20-1084,3GS-EXP20-1084
3GS-EXP20-1090,3GS-EXP20-1090
3GS-EXP20-11077,3GS-EXP20-11077
3GS-EXP20-11078,3GS-EXP20-11078
3GS-EXP20-1109,3GS-EXP20-1109
3GS-EXP20-11443,3GS-EXP20-11443
3GS-EXP20-11444,3GS-EXP20-11444
3GS-EXP20-12073,3GS-EXP20-12073
3GS-EXP20-12074,3GS-EXP20-12074
3GS-EXP20-12157,3GS-EXP20-12157
3GS-EXP20-12158,3GS-EXP20-12158
3GS-EXP20-12189,3GS-EXP20-12189
3GS-EXP20-12190,3GS-EXP20-12190
3GS-EXP20-1256,3GS-EXP20-1256
3GS-EXP20-1298,3GS-EXP20-1298
3GS-EXP20-1314,3GS-EXP20-1314
3GS-EXP20-1345,3GS-EXP20-1345
3GS-EXP20-1370,3GS-EXP20-1370
3GS-EXP20-1376,3GS-EXP20-1376
3GS-EXP20-1390,3GS-EXP20-1390
3GS-EXP20-1411,3GS-EXP20-1411
3GS-EXP20-1438,3GS-EXP20-1438
3GS-EXP20-1485,3GS-EXP20-1485
3GS-EXP20-1530,3GS-EXP20-1530
3GS-EXP20-1572,3GS-EXP20-1572
3GS-EXP20-1584,3GS-EXP20-1584
3GS-EXP20-1599,3GS-EXP20-1599
3GS-EXP20-1608,3GS-EXP20-1608
3GS-EXP20-1633,3GS-EXP20-1633
3GS-EXP20-1639,3GS-EXP20-1639
3GS-EXP20-1652,3GS-EXP20-1652
3GS-EXP20-1661,3GS-EXP20-1661
3GS-EXP20-1667,3GS-EXP20-1667
3GS-EXP20-1673,3GS-EXP20-1673
3GS-EXP20-1676,3GS-EXP20-1676
3GS-EXP20-1693,3GS-EXP20-1693
3GS-EXP20-1728,3GS-EXP20-1728
3GS-EXP20-1739,3GS-EXP20-1739
3GS-EXP20-1773,3GS-EXP20-1773
3GS-EXP20-1782,3GS-EXP20-1782
3GS-EXP20-1840,3GS-EXP20-1840
3GS-EXP20-1861,3GS-EXP20-1861
3GS-EXP20-1894,3GS-EXP20-1894
3GS-EXP20-18983,3GS-EXP20-18983
3GS-EXP20-18989,3GS-EXP20-18989
3GS-EXP20-18998,3GS-EXP20-18998
3GS-EXP20-19008,3GS-EXP20-19008
3GS-EXP20-19011,3GS-EXP20-19011
3GS-EXP20-19016,3GS-EXP20-19016
3GS-EXP20-19023,3GS-EXP20-19023
3GS-EXP20-19109,3GS-EXP20-19109
3GS-EXP20-2051,3GS-EXP20-2051
3GS-EXP20-2368,3GS-EXP20-2368
3GS-EXP20-2423,3GS-EXP20-2423
3GS-EXP20-2600,3GS-EXP20-2600
3GS-EXP20-2604,3GS-EXP20-2604
3GS-EXP20-2666,3GS-EXP20-2666
3GS-EXP20-2687,3GS-EXP20-2687
3GS-EXP20-2696,3GS-EXP20-2696
3GS-EXP20-2717,3GS-EXP20-2717
3GS-EXP20-2731,3GS-EXP20-2731
3GS-EXP20-2734,3GS-EXP20-2734
3GS-EXP20-2744,3GS-EXP20-2744
3GS-EXP20-2764,3GS-EXP20-2764
3GS-EXP20-2771,3GS-EXP20-2771
3GS-EXP20-2788,3GS-EXP20-2788
3GS-EXP20-2877,3GS-EXP20-2877
3GS-EXP20-2894,3GS-EXP20-2894
3GS-EXP20-2901,3GS-EXP20-2901
3GS-EXP20-2913,3GS-EXP20-2913
3GS-EXP20-2948,3GS-EXP20-2948
3GS-EXP20-2960,3GS-EXP20-2960
3GS-EXP20-2967,3GS-EXP20-2967
3GS-EXP20-2968,3GS-EXP20-2968
3GS-EXP20-2969,3GS-EXP20-2969
3GS-EXP20-2998,3GS-EXP20-2998
3GS-EXP20-3017,3GS-EXP20-3017
3GS-EXP20-3018,3GS-EXP20-3018
3GS-EXP20-3031,3GS-EXP20-3031
3GS-EXP20-3032,3GS-EXP20-3032
3GS-EXP20-3040,3GS-EXP20-3040
3GS-EXP20-3041,3GS-EXP20-3041
3GS-EXP20-3049,3GS-EXP20-3049
3GS-EXP20-3050,3GS-EXP20-3050
3GS-EXP20-3052,3GS-EXP20-3052
3GS-EXP20-3056,3GS-EXP20-3056
3GS-EXP20-3058,3GS-EXP20-3058
3GS-EXP20-3063,3GS-EXP20-3063
3GS-EXP20-3064,3GS-EXP20-3064
3GS-EXP20-3068,3GS-EXP20-3068
3GS-EXP20-3069,3GS-EXP20-3069
3GS-EXP20-3071,3GS-EXP20-3071
3GS-EXP20-3072,3GS-EXP20-3072
3GS-EXP20-3076,3GS-EXP20-3076
3GS-EXP20-3077,3GS-EXP20-3077
3GS-EXP20-3083,3GS-EXP20-3083
3GS-EXP20-3093,3GS-EXP20-3093
3GS-EXP20-3094,3GS-EXP20-3094
3GS-EXP20-3099,3GS-EXP20-3099
3GS-EXP20-3100,3GS-EXP20-3100
3GS-EXP20-3101,3GS-EXP20-3101
3GS-EXP20-3102,3GS-EXP20-3102
3GS-EXP20-3114,3GS-EXP20-3114
3GS-EXP20-3115,3GS-EXP20-3115
3GS-EXP20-3127,3GS-EXP20-3127
3GS-EXP20-3136,3GS-EXP20-3136
3GS-EXP20-3137,3GS-EXP20-3137
3GS-EXP20-3138,3GS-EXP20-3138
3GS-EXP20-3147,3GS-EXP20-3147
3GS-EXP20-3150,3GS-EXP20-3150
3GS-EXP20-3151,3GS-EXP20-3151
3GS-EXP20-3154,3GS-EXP20-3154
3GS-EXP20-3168,3GS-EXP20-3168
3GS-EXP20-3169,3GS-EXP20-3169
3GS-EXP20-3170,3GS-EXP20-3170
3GS-EXP20-3171,3GS-EXP20-3171
3GS-EXP20-3176,3GS-EXP20-3176
3GS-EXP20-3181,3GS-EXP20-3181
3GS-EXP20-3182,3GS-EXP20-3182
3GS-EXP20-3183,3GS-EXP20-3183
3GS-EXP20-3184,3GS-EXP20-3184
3GS-EXP20-3196,3GS-EXP20-3196
3GS-EXP20-3206,3GS-EXP20-3206
3GS-EXP20-3207,3GS-EXP20-3207
3GS-EXP20-3215,3GS-EXP20-3215
3GS-EXP20-3216,3GS-EXP20-3216
3GS-EXP20-3217,3GS-EXP20-3217
3GS-EXP20-3218,3GS-EXP20-3218
3GS-EXP20-3220,3GS-EXP20-3220
3GS-EXP20-3221,3GS-EXP20-3221
3GS-EXP20-3225,3GS-EXP20-3225
3GS-EXP20-3260,3GS-EXP20-3260
3GS-EXP20-3262,3GS-EXP20-3262
3GS-EXP20-3274,3GS-EXP20-3274
3GS-EXP20-3275,3GS-EXP20-3275
3GS-EXP20-3289,3GS-EXP20-3289
3GS-EXP20-3296,3GS-EXP20-3296
3GS-EXP20-3300,3GS-EXP20-3300
3GS-EXP20-3301,3GS-EXP20-3301
3GS-EXP20-3311,3GS-EXP20-3311
3GS-EXP20-3321,3GS-EXP20-3321
3GS-EXP20-3322,3GS-EXP20-3322
3GS-EXP20-3324,3GS-EXP20-3324
3GS-EXP20-3325,3GS-EXP20-3325
3GS-EXP20-3335,3GS-EXP20-3335
3GS-EXP20-3336,3GS-EXP20-3336
3GS-EXP20-3337,3GS-EXP20-3337
3GS-EXP20-3374,3GS-EXP20-3374
3GS-EXP20-3375,3GS-EXP20-3375
3GS-EXP20-3378,3GS-EXP20-3378
3GS-EXP20-3379,3GS-EXP20-3379
3GS-EXP20-3418,3GS-EXP20-3418
3GS-EXP20-3426,3GS-EXP20-3426
3GS-EXP20-3427,3GS-EXP20-3427
3GS-EXP20-3443,3GS-EXP20-3443
3GS-EXP20-3450,3GS-EXP20-3450
3GS-EXP20-3453,3GS-EXP20-3453
3GS-EXP20-3457,3GS-EXP20-3457
3GS-EXP20-3458,3GS-EXP20-3458
3GS-EXP20-3474,3GS-EXP20-3474
3GS-EXP20-3475,3GS-EXP20-3475
3GS-EXP20-3496,3GS-EXP20-3496
3GS-EXP20-3498,3GS-EXP20-3498
3GS-EXP20-3499,3GS-EXP20-3499
3GS-EXP20-3501,3GS-EXP20-3501
3GS-EXP20-3502,3GS-EXP20-3502
3GS-EXP20-3505,3GS-EXP20-3505
3GS-EXP20-3522,3GS-EXP20-3522
3GS-EXP20-3523,3GS-EXP20-3523
3GS-EXP20-3556,3GS-EXP20-3556
3GS-EXP20-3557,3GS-EXP20-3557
3GS-EXP20-3580,3GS-EXP20-3580
3GS-EXP20-3581,3GS-EXP20-3581
3GS-EXP20-3582,3GS-EXP20-3582
3GS-EXP20-3583,3GS-EXP20-3583
3GS-EXP20-3584,3GS-EXP20-3584
3GS-EXP20-3586,3GS-EXP20-3586
3GS-EXP20-3601,3GS-EXP20-3601
3GS-EXP20-3602,3GS-EXP20-3602
3GS-EXP20-3605,3GS-EXP20-3605
3GS-EXP20-3606,3GS-EXP20-3606
3GS-EXP20-3607,3GS-EXP20-3607
3GS-EXP20-3608,3GS-EXP20-3608
3GS-EXP20-3630,3GS-EXP20-3630
3GS-EXP20-3631,3GS-EXP20-3631
3GS-EXP20-3641,3GS-EXP20-3641
3GS-EXP20-3649,3GS-EXP20-3649
3GS-EXP20-3650,3GS-EXP20-3650
3GS-EXP20-3651,3GS-EXP20-3651
3GS-EXP20-3658,3GS-EXP20-3658
3GS-EXP20-3659,3GS-EXP20-3659
3GS-EXP20-3667,3GS-EXP20-3667
3GS-EXP20-3668,3GS-EXP20-3668
3GS-EXP20-3676,3GS-EXP20-3676
3GS-EXP20-3677,3GS-EXP20-3677
3GS-EXP20-3682,3GS-EXP20-3682
3GS-EXP20-3683,3GS-EXP20-3683
3GS-EXP20-3699,3GS-EXP20-3699
3GS-EXP20-3700,3GS-EXP20-3700
3GS-EXP20-3705,3GS-EXP20-3705
3GS-EXP20-3706,3GS-EXP20-3706
3GS-EXP20-3735,3GS-EXP20-3735
3GS-EXP20-3738,3GS-EXP20-3738
3GS-EXP20-3739,3GS-EXP20-3739
3GS-EXP20-3740,3GS-EXP20-3740
3GS-EXP20-3741,3GS-EXP20-3741
3GS-EXP20-3752,3GS-EXP20-3752
3GS-EXP20-3753,3GS-EXP20-3753
3GS-EXP20-3754,3GS-EXP20-3754
3GS-EXP20-3755,3GS-EXP20-3755
3GS-EXP20-3785,3GS-EXP20-3785
3GS-EXP20-3786,3GS-EXP20-3786
3GS-EXP20-3794,3GS-EXP20-3794
3GS-EXP20-3805,3GS-EXP20-3805
3GS-EXP20-3806,3GS-EXP20-3806
3GS-EXP20-3814,3GS-EXP20-3814
3GS-EXP20-3837,3GS-EXP20-3837
3GS-EXP20-3838,3GS-EXP20-3838
3GS-EXP20-3839,3GS-EXP20-3839
3GS-EXP20-3840,3GS-EXP20-3840
3GS-EXP20-3849,3GS-EXP20-3849
3GS-EXP20-3851,3GS-EXP20-3851
3GS-EXP20-3852,3GS-EXP20-3852
3GS-EXP20-3853,3GS-EXP20-3853
3GS-EXP20-3869,3GS-EXP20-3869
3GS-EXP20-3870,3GS-EXP20-3870
3GS-EXP20-3902,3GS-EXP20-3902
3GS-EXP20-3903,3GS-EXP20-3903
3GS-EXP20-3908,3GS-EXP20-3908
3GS-EXP20-3909,3GS-EXP20-3909
3GS-EXP20-3910,3GS-EXP20-3910
3GS-EXP20-3911,3GS-EXP20-3911
3GS-EXP20-3916,3GS-EXP20-3916
3GS-EXP20-3917,3GS-EXP20-3917
3GS-EXP20-3918,3GS-EXP20-3918
3GS-EXP20-3919,3GS-EXP20-3919
3GS-EXP20-3923,3GS-EXP20-3923
3GS-EXP20-3924,3GS-EXP20-3924
3GS-EXP20-3929,3GS-EXP20-3929
3GS-EXP20-3930,3GS-EXP20-3930
3GS-EXP20-3937,3GS-EXP20-3937
3GS-EXP20-3946,3GS-EXP20-3946
3GS-EXP20-3947,3GS-EXP20-3947
3GS-EXP20-3948,3GS-EXP20-3948
3GS-EXP20-3955,3GS-EXP20-3955
3GS-EXP20-3983,3GS-EXP20-3983
3GS-EXP20-3984,3GS-EXP20-3984
3GS-EXP20-3994,3GS-EXP20-3994
3GS-EXP20-3995,3GS-EXP20-3995
3GS-EXP20-4010,3GS-EXP20-4010
3GS-EXP20-4013,3GS-EXP20-4013
3GS-EXP20-4014,3GS-EXP20-4014
3GS-EXP20-4018,3GS-EXP20-4018
3GS-EXP20-4039,3GS-EXP20-4039
3GS-EXP20-4042,3GS-EXP20-4042
3GS-EXP20-4064,3GS-EXP20-4064
3GS-EXP20-4065,3GS-EXP20-4065
3GS-EXP20-4075,3GS-EXP20-4075
3GS-EXP20-4080,3GS-EXP20-4080
3GS-EXP20-4081,3GS-EXP20-4081
3GS-EXP20-4106,3GS-EXP20-4106
3GS-EXP20-4107,3GS-EXP20-4107
3GS-EXP20-4110,3GS-EXP20-4110
3GS-EXP20-4119,3GS-EXP20-4119
3GS-EXP20-4123,3GS-EXP20-4123
3GS-EXP20-4124,3GS-EXP20-4124
3GS-EXP20-4125,3GS-EXP20-4125
3GS-EXP20-4126,3GS-EXP20-4126
3GS-EXP20-4139,3GS-EXP20-4139
3GS-EXP20-4140,3GS-EXP20-4140
3GS-EXP20-4152,3GS-EXP20-4152
3GS-EXP20-4160,3GS-EXP20-4160
3GS-EXP20-4163,3GS-EXP20-4163
3GS-EXP20-4175,3GS-EXP20-4175
3GS-EXP20-4176,3GS-EXP20-4176
3GS-EXP20-4177,3GS-EXP20-4177
3GS-EXP20-4178,3GS-EXP20-4178
3GS-EXP20-4181,3GS-EXP20-4181
3GS-EXP20-4187,3GS-EXP20-4187
3GS-EXP20-4189,3GS-EXP20-4189
3GS-EXP20-4190,3GS-EXP20-4190
3GS-EXP20-4191,3GS-EXP20-4191
3GS-EXP20-4199,3GS-EXP20-4199
3GS-EXP20-4200,3GS-EXP20-4200
3GS-EXP20-4213,3GS-EXP20-4213
3GS-EXP20-4214,3GS-EXP20-4214
3GS-EXP20-4235,3GS-EXP20-4235
3GS-EXP20-4236,3GS-EXP20-4236
3GS-EXP20-4246,3GS-EXP20-4246
3GS-EXP20-4247,3GS-EXP20-4247
3GS-EXP20-4253,3GS-EXP20-4253
3GS-EXP20-4254,3GS-EXP20-4254
3GS-EXP20-4255,3GS-EXP20-4255
3GS-EXP20-4294,3GS-EXP20-4294
3GS-EXP20-4295,3GS-EXP20-4295
3GS-EXP20-4301,3GS-EXP20-4301
3GS-EXP20-4303,3GS-EXP20-4303
3GS-EXP20-4313,3GS-EXP20-4313
3GS-EXP20-4336,3GS-EXP20-4336
3GS-EXP20-4337,3GS-EXP20-4337
3GS-EXP20-4353,3GS-EXP20-4353
3GS-EXP20-4378,3GS-EXP20-4378
3GS-EXP20-4379,3GS-EXP20-4379
3GS-EXP20-4387,3GS-EXP20-4387
3GS-EXP20-4388,3GS-EXP20-4388
3GS-EXP20-4404,3GS-EXP20-4404
3GS-EXP20-4405,3GS-EXP20-4405
3GS-EXP20-4407,3GS-EXP20-4407
3GS-EXP20-4408,3GS-EXP20-4408
3GS-EXP20-4409,3GS-EXP20-4409
3GS-EXP20-4410,3GS-EXP20-4410
3GS-EXP20-4411,3GS-EXP20-4411
3GS-EXP20-4412,3GS-EXP20-4412
3GS-EXP20-4413,3GS-EXP20-4413
3GS-EXP20-4414,3GS-EXP20-4414
3GS-EXP20-4415,3GS-EXP20-4415
3GS-EXP20-4416,3GS-EXP20-4416
3GS-EXP20-4417,3GS-EXP20-4417
3GS-EXP20-4418,3GS-EXP20-4418
3GS-EXP20-4419,3GS-EXP20-4419
3GS-EXP20-4420,3GS-EXP20-4420
3GS-EXP20-4425,3GS-EXP20-4425
3GS-EXP20-4426,3GS-EXP20-4426
3GS-EXP20-4435,3GS-EXP20-4435
3GS-EXP20-4436,3GS-EXP20-4436
3GS-EXP20-4441,3GS-EXP20-4441
3GS-EXP20-4442,3GS-EXP20-4442
3GS-EXP20-4443,3GS-EXP20-4443
3GS-EXP20-4444,3GS-EXP20-4444
3GS-EXP20-4445,3GS-EXP20-4445
3GS-EXP20-4446,3GS-EXP20-4446
3GS-EXP20-4457,3GS-EXP20-4457
3GS-EXP20-4458,3GS-EXP20-4458
3GS-EXP20-4460,3GS-EXP20-4460
3GS-EXP20-4461,3GS-EXP20-4461
3GS-EXP20-4479,3GS-EXP20-4479
3GS-EXP20-4494,3GS-EXP20-4494
3GS-EXP20-4499,3GS-EXP20-4499
3GS-EXP20-4500,3GS-EXP20-4500
3GS-EXP20-4515,3GS-EXP20-4515
3GS-EXP20-4516,3GS-EXP20-4516
3GS-EXP20-4517,3GS-EXP20-4517
3GS-EXP20-4518,3GS-EXP20-4518
3GS-EXP20-4553,3GS-EXP20-4553
3GS-EXP20-4555,3GS-EXP20-4555
3GS-EXP20-4562,3GS-EXP20-4562
3GS-EXP20-4577,3GS-EXP20-4577
3GS-EXP20-4578,3GS-EXP20-4578
3GS-EXP20-4579,3GS-EXP20-4579
3GS-EXP20-4607,3GS-EXP20-4607
3GS-EXP20-4620,3GS-EXP20-4620
3GS-EXP20-4621,3GS-EXP20-4621
3GS-EXP20-4622,3GS-EXP20-4622
3GS-EXP20-4623,3GS-EXP20-4623
3GS-EXP20-4625,3GS-EXP20-4625
3GS-EXP20-4629,3GS-EXP20-4629
3GS-EXP20-4643,3GS-EXP20-4643
3GS-EXP20-4644,3GS-EXP20-4644
3GS-EXP20-4649,3GS-EXP20-4649
3GS-EXP20-4651,3GS-EXP20-4651
3GS-EXP20-4654,3GS-EXP20-4654
3GS-EXP20-4662,3GS-EXP20-4662
3GS-EXP20-4665,3GS-EXP20-4665
3GS-EXP20-4671,3GS-EXP20-4671
3GS-EXP20-4672,3GS-EXP20-4672
3GS-EXP20-4703,3GS-EXP20-4703
3GS-EXP20-4704,3GS-EXP20-4704
3GS-EXP20-4705,3GS-EXP20-4705
3GS-EXP20-4707,3GS-EXP20-4707
3GS-EXP20-4712,3GS-EXP20-4712
3GS-EXP20-4713,3GS-EXP20-4713
3GS-EXP20-4714,3GS-EXP20-4714
3GS-EXP20-4715,3GS-EXP20-4715
3GS-EXP20-4716,3GS-EXP20-4716
3GS-EXP20-4718,3GS-EXP20-4718
3GS-EXP20-4747,3GS-EXP20-4747
3GS-EXP20-4748,3GS-EXP20-4748
3GS-EXP20-4755,3GS-EXP20-4755
3GS-EXP20-4763,3GS-EXP20-4763
3GS-EXP20-4764,3GS-EXP20-4764
3GS-EXP20-4778,3GS-EXP20-4778
3GS-EXP20-4779,3GS-EXP20-4779
3GS-EXP20-4782,3GS-EXP20-4782
3GS-EXP20-4795,3GS-EXP20-4795
3GS-EXP20-4796,3GS-EXP20-4796
3GS-EXP20-4803,3GS-EXP20-4803
3GS-EXP20-4810,3GS-EXP20-4810
3GS-EXP20-4811,3GS-EXP20-4811
3GS-EXP20-4824,3GS-EXP20-4824
3GS-EXP20-4827,3GS-EXP20-4827
3GS-EXP20-4828,3GS-EXP20-4828
3GS-EXP20-4829,3GS-EXP20-4829
3GS-EXP20-4831,3GS-EXP20-4831
3GS-EXP20-4832,3GS-EXP20-4832
3GS-EXP20-4833,3GS-EXP20-4833
3GS-EXP20-4835,3GS-EXP20-4835
3GS-EXP20-4837,3GS-EXP20-4837
3GS-EXP20-4841,3GS-EXP20-4841
3GS-EXP20-4843,3GS-EXP20-4843
3GS-EXP20-4845,3GS-EXP20-4845
3GS-EXP20-4846,3GS-EXP20-4846
3GS-EXP20-4847,3GS-EXP20-4847
3GS-EXP20-4849,3GS-EXP20-4849
3GS-EXP20-4850,3GS-EXP20-4850
3GS-EXP20-4855,3GS-EXP20-4855
3GS-EXP20-4857,3GS-EXP20-4857
3GS-EXP20-4858,3GS-EXP20-4858
3GS-EXP20-4864,3GS-EXP20-4864
3GS-EXP20-4865,3GS-EXP20-4865
3GS-EXP20-4870,3GS-EXP20-4870
3GS-EXP20-4871,3GS-EXP20-4871
3GS-EXP20-4872,3GS-EXP20-4872
3GS-EXP20-4885,3GS-EXP20-4885
3GS-EXP20-4886,3GS-EXP20-4886
3GS-EXP20-4887,3GS-EXP20-4887
3GS-EXP20-4892,3GS-EXP20-4892
3GS-EXP20-4893,3GS-EXP20-4893
3GS-EXP20-4905,3GS-EXP20-4905
3GS-EXP20-4909,3GS-EXP20-4909
3GS-EXP20-4910,3GS-EXP20-4910
3GS-EXP20-4918,3GS-EXP20-4918
3GS-EXP20-4919,3GS-EXP20-4919
3GS-EXP20-4936,3GS-EXP20-4936
3GS-EXP20-4954,3GS-EXP20-4954
3GS-EXP20-4986,3GS-EXP20-4986
3GS-EXP20-4987,3GS-EXP20-4987
3GS-EXP20-4993,3GS-EXP20-4993
3GS-EXP20-4994,3GS-EXP20-4994
3GS-EXP20-4996,3GS-EXP20-4996
3GS-EXP20-5001,3GS-EXP20-5001
3GS-EXP20-5003,3GS-EXP20-5003
3GS-EXP20-5004,3GS-EXP20-5004
3GS-EXP20-5005,3GS-EXP20-5005
3GS-EXP20-5006,3GS-EXP20-5006
3GS-EXP20-5007,3GS-EXP20-5007
3GS-EXP20-5008,3GS-EXP20-5008
3GS-EXP20-5010,3GS-EXP20-5010
3GS-EXP20-5011,3GS-EXP20-5011
3GS-EXP20-5025,3GS-EXP20-5025
3GS-EXP20-5026,3GS-EXP20-5026
3GS-EXP20-5030,3GS-EXP20-5030
3GS-EXP20-5036,3GS-EXP20-5036
3GS-EXP20-5038,3GS-EXP20-5038
3GS-EXP20-5048,3GS-EXP20-5048
3GS-EXP20-5049,3GS-EXP20-5049
3GS-EXP20-5054,3GS-EXP20-5054
3GS-EXP20-5055,3GS-EXP20-5055
3GS-EXP20-5070,3GS-EXP20-5070
3GS-EXP20-5088,3GS-EXP20-5088
3GS-EXP20-5139,3GS-EXP20-5139
3GS-EXP20-5140,3GS-EXP20-5140
3GS-EXP20-5164,3GS-EXP20-5164
3GS-EXP20-5168,3GS-EXP20-5168
3GS-EXP20-5169,3GS-EXP20-5169
3GS-EXP20-5199,3GS-EXP20-5199
3GS-EXP20-5200,3GS-EXP20-5200
3GS-EXP20-5201,3GS-EXP20-5201
3GS-EXP20-5202,3GS-EXP20-5202
3GS-EXP20-5206,3GS-EXP20-5206
3GS-EXP20-5207,3GS-EXP20-5207
3GS-EXP20-5219,3GS-EXP20-5219
3GS-EXP20-5223,3GS-EXP20-5223
3GS-EXP20-5255,3GS-EXP20-5255
3GS-EXP20-5256,3GS-EXP20-5256
3GS-EXP20-5259,3GS-EXP20-5259
3GS-EXP20-5260,3GS-EXP20-5260
3GS-EXP20-5261,3GS-EXP20-5261
3GS-EXP20-5283,3GS-EXP20-5283
3GS-EXP20-5284,3GS-EXP20-5284
3GS-EXP20-5285,3GS-EXP20-5285
3GS-EXP20-5291,3GS-EXP20-5291
3GS-EXP20-5292,3GS-EXP20-5292
3GS-EXP20-5302,3GS-EXP20-5302
3GS-EXP20-5303,3GS-EXP20-5303
3GS-EXP20-5304,3GS-EXP20-5304
3GS-EXP20-5306,3GS-EXP20-5306
3GS-EXP20-5307,3GS-EXP20-5307
3GS-EXP20-5308,3GS-EXP20-5308
3GS-EXP20-5309,3GS-EXP20-5309
3GS-EXP20-5332,3GS-EXP20-5332
3GS-EXP20-5333,3GS-EXP20-5333
3GS-EXP20-5334,3GS-EXP20-5334
3GS-EXP20-5341,3GS-EXP20-5341
3GS-EXP20-5342,3GS-EXP20-5342
3GS-EXP20-5343,3GS-EXP20-5343
3GS-EXP20-5348,3GS-EXP20-5348
3GS-EXP20-5349,3GS-EXP20-5349
3GS-EXP20-5357,3GS-EXP20-5357
3GS-EXP20-5363,3GS-EXP20-5363
3GS-EXP20-5364,3GS-EXP20-5364
3GS-EXP20-5376,3GS-EXP20-5376
3GS-EXP20-5382,3GS-EXP20-5382
3GS-EXP20-5383,3GS-EXP20-5383
3GS-EXP20-5398,3GS-EXP20-5398
3GS-EXP20-5399,3GS-EXP20-5399
3GS-EXP20-5410,3GS-EXP20-5410
3GS-EXP20-5415,3GS-EXP20-5415
3GS-EXP20-5416,3GS-EXP20-5416
3GS-EXP20-5425,3GS-EXP20-5425
3GS-EXP20-5435,3GS-EXP20-5435
3GS-EXP20-5436,3GS-EXP20-5436
3GS-EXP20-5440,3GS-EXP20-5440
3GS-EXP20-5459,3GS-EXP20-5459
3GS-EXP20-5460,3GS-EXP20-5460
3GS-EXP20-5461,3GS-EXP20-5461
3GS-EXP20-5462,3GS-EXP20-5462
3GS-EXP20-5463,3GS-EXP20-5463
3GS-EXP20-5464,3GS-EXP20-5464
3GS-EXP20-5490,3GS-EXP20-5490
3GS-EXP20-5491,3GS-EXP20-5491
3GS-EXP20-5492,3GS-EXP20-5492
3GS-EXP20-5525,3GS-EXP20-5525
3GS-EXP20-5542,3GS-EXP20-5542
3GS-EXP20-5543,3GS-EXP20-5543
3GS-EXP20-5549,3GS-EXP20-5549
3GS-EXP20-5550,3GS-EXP20-5550
3GS-EXP20-5551,3GS-EXP20-5551
3GS-EXP20-5552,3GS-EXP20-5552
3GS-EXP20-5554,3GS-EXP20-5554
3GS-EXP20-5585,3GS-EXP20-5585
3GS-EXP20-5594,3GS-EXP20-5594
3GS-EXP20-5595,3GS-EXP20-5595
3GS-EXP20-5602,3GS-EXP20-5602
3GS-EXP20-5603,3GS-EXP20-5603
3GS-EXP20-5604,3GS-EXP20-5604
3GS-EXP20-5608,3GS-EXP20-5608
3GS-EXP20-5609,3GS-EXP20-5609
3GS-EXP20-5616,3GS-EXP20-5616
3GS-EXP20-5617,3GS-EXP20-5617
3GS-EXP20-5634,3GS-EXP20-5634
3GS-EXP20-5635,3GS-EXP20-5635
3GS-EXP20-5636,3GS-EXP20-5636
3GS-EXP20-5637,3GS-EXP20-5637
3GS-EXP20-5651,3GS-EXP20-5651
3GS-EXP20-5652,3GS-EXP20-5652
3GS-EXP20-5653,3GS-EXP20-5653
3GS-EXP20-5654,3GS-EXP20-5654
3GS-EXP20-5658,3GS-EXP20-5658
3GS-EXP20-5659,3GS-EXP20-5659
3GS-EXP20-5660,3GS-EXP20-5660
3GS-EXP20-5782,3GS-EXP20-5782
3GS-EXP20-5783,3GS-EXP20-5783
3GS-EXP20-5789,3GS-EXP20-5789
3GS-EXP20-5790,3GS-EXP20-5790
3GS-EXP20-5824,3GS-EXP20-5824
3GS-EXP20-5831,3GS-EXP20-5831
3GS-EXP20-5835,3GS-EXP20-5835
3GS-EXP20-5836,3GS-EXP20-5836
3GS-EXP20-5838,3GS-EXP20-5838
3GS-EXP20-5844,3GS-EXP20-5844
3GS-EXP20-5845,3GS-EXP20-5845
3GS-EXP20-5849,3GS-EXP20-5849
3GS-EXP20-5850,3GS-EXP20-5850
3GS-EXP20-5852,3GS-EXP20-5852
3GS-EXP20-5859,3GS-EXP20-5859
3GS-EXP20-5860,3GS-EXP20-5860
3GS-EXP20-5869,3GS-EXP20-5869
3GS-EXP20-5894,3GS-EXP20-5894
3GS-EXP20-5910,3GS-EXP20-5910
3GS-EXP20-5911,3GS-EXP20-5911
3GS-EXP20-5921,3GS-EXP20-5921
3GS-EXP20-5922,3GS-EXP20-5922
3GS-EXP20-5935,3GS-EXP20-5935
3GS-EXP20-5936,3GS-EXP20-5936
3GS-EXP20-5937,3GS-EXP20-5937
3GS-EXP20-5940,3GS-EXP20-5940
3GS-EXP20-5943,3GS-EXP20-5943
3GS-EXP20-5944,3GS-EXP20-5944
3GS-EXP20-5960,3GS-EXP20-5960
3GS-EXP20-5961,3GS-EXP20-5961
3GS-EXP20-5962,3GS-EXP20-5962
3GS-EXP20-5985,3GS-EXP20-5985
3GS-EXP20-5987,3GS-EXP20-5987
3GS-EXP20-5998,3GS-EXP20-5998
3GS-EXP20-6000,3GS-EXP20-6000
3GS-EXP20-6005,3GS-EXP20-6005
3GS-EXP20-6006,3GS-EXP20-6006
3GS-EXP20-6011,3GS-EXP20-6011
3GS-EXP20-6020,3GS-EXP20-6020
3GS-EXP20-6021,3GS-EXP20-6021
3GS-EXP20-6037,3GS-EXP20-6037
3GS-EXP20-6038,3GS-EXP20-6038
3GS-EXP20-6051,3GS-EXP20-6051
3GS-EXP20-6076,3GS-EXP20-6076
3GS-EXP20-6077,3GS-EXP20-6077
3GS-EXP20-6078,3GS-EXP20-6078
3GS-EXP20-6083,3GS-EXP20-6083
3GS-EXP20-6084,3GS-EXP20-6084
3GS-EXP20-6092,3GS-EXP20-6092
3GS-EXP20-6093,3GS-EXP20-6093
3GS-EXP20-6131,3GS-EXP20-6131
3GS-EXP20-6132,3GS-EXP20-6132
3GS-EXP20-6133,3GS-EXP20-6133
3GS-EXP20-6134,3GS-EXP20-6134
3GS-EXP20-6135,3GS-EXP20-6135
3GS-EXP20-6136,3GS-EXP20-6136
3GS-EXP20-6137,3GS-EXP20-6137
3GS-EXP20-6149,3GS-EXP20-6149
3GS-EXP20-6150,3GS-EXP20-6150
3GS-EXP20-6151,3GS-EXP20-6151
3GS-EXP20-6152,3GS-EXP20-6152
3GS-EXP20-6161,3GS-EXP20-6161
3GS-EXP20-6163,3GS-EXP20-6163
3GS-EXP20-6164,3GS-EXP20-6164
3GS-EXP20-6192,3GS-EXP20-6192
3GS-EXP20-6193,3GS-EXP20-6193
3GS-EXP20-6209,3GS-EXP20-6209
3GS-EXP20-6210,3GS-EXP20-6210
3GS-EXP20-6226,3GS-EXP20-6226
3GS-EXP20-6227,3GS-EXP20-6227
3GS-EXP20-6228,3GS-EXP20-6228
3GS-EXP20-6241,3GS-EXP20-6241
3GS-EXP20-6242,3GS-EXP20-6242
3GS-EXP20-6243,3GS-EXP20-6243
3GS-EXP20-6244,3GS-EXP20-6244
3GS-EXP20-6245,3GS-EXP20-6245
3GS-EXP20-6246,3GS-EXP20-6246
3GS-EXP20-6247,3GS-EXP20-6247
3GS-EXP20-6248,3GS-EXP20-6248
3GS-EXP20-6251,3GS-EXP20-6251
3GS-EXP20-6252,3GS-EXP20-6252
3GS-EXP20-6261,3GS-EXP20-6261
3GS-EXP20-6262,3GS-EXP20-6262
3GS-EXP20-6267,3GS-EXP20-6267
3GS-EXP20-6268,3GS-EXP20-6268
3GS-EXP20-6269,3GS-EXP20-6269
3GS-EXP20-6278,3GS-EXP20-6278
3GS-EXP20-6279,3GS-EXP20-6279
3GS-EXP20-6290,3GS-EXP20-6290
3GS-EXP20-6291,3GS-EXP20-6291
3GS-EXP20-6292,3GS-EXP20-6292
3GS-EXP20-6293,3GS-EXP20-6293
3GS-EXP20-6294,3GS-EXP20-6294
3GS-EXP20-6295,3GS-EXP20-6295
3GS-EXP20-6312,3GS-EXP20-6312
3GS-EXP20-6332,3GS-EXP20-6332
3GS-EXP20-6352,3GS-EXP20-6352
3GS-EXP20-6353,3GS-EXP20-6353
3GS-EXP20-6355,3GS-EXP20-6355
3GS-EXP20-6356,3GS-EXP20-6356
3GS-EXP20-6390,3GS-EXP20-6390
3GS-EXP20-6392,3GS-EXP20-6392
3GS-EXP20-6409,3GS-EXP20-6409
3GS-EXP20-6410,3GS-EXP20-6410
3GS-EXP20-6412,3GS-EXP20-6412
3GS-EXP20-6429,3GS-EXP20-6429
3GS-EXP20-6463,3GS-EXP20-6463
3GS-EXP20-6464,3GS-EXP20-6464
3GS-EXP20-6466,3GS-EXP20-6466
3GS-EXP20-6472,3GS-EXP20-6472
3GS-EXP20-6473,3GS-EXP20-6473
3GS-EXP20-6555,3GS-EXP20-6555
3GS-EXP20-6561,3GS-EXP20-6561
3GS-EXP20-6580,3GS-EXP20-6580
3GS-EXP20-6604,3GS-EXP20-6604
3GS-EXP20-6635,3GS-EXP20-6635
3GS-EXP20-6636,3GS-EXP20-6636
3GS-EXP20-6638,3GS-EXP20-6638
3GS-EXP20-6666,3GS-EXP20-6666
3GS-EXP20-6667,3GS-EXP20-6667
3GS-EXP20-6669,3GS-EXP20-6669
3GS-EXP20-6700,3GS-EXP20-6700
3GS-EXP20-6702,3GS-EXP20-6702
3GS-EXP20-6704,3GS-EXP20-6704
3GS-EXP20-6714,3GS-EXP20-6714
3GS-EXP20-6716,3GS-EXP20-6716
3GS-EXP20-6721,3GS-EXP20-6721
3GS-EXP20-6722,3GS-EXP20-6722
3GS-EXP20-6737,3GS-EXP20-6737
3GS-EXP20-6738,3GS-EXP20-6738
3GS-EXP20-6740,3GS-EXP20-6740
3GS-EXP20-6741,3GS-EXP20-6741
3GS-EXP20-6755,3GS-EXP20-6755
3GS-EXP20-6757,3GS-EXP20-6757
3GS-EXP20-6790,3GS-EXP20-6790
3GS-EXP20-6798,3GS-EXP20-6798
3GS-EXP20-6799,3GS-EXP20-6799
3GS-EXP20-6801,3GS-EXP20-6801
3GS-EXP20-6802,3GS-EXP20-6802
3GS-EXP20-6826,3GS-EXP20-6826
3GS-EXP20-6827,3GS-EXP20-6827
3GS-EXP20-6829,3GS-EXP20-6829
3GS-EXP20-6834,3GS-EXP20-6834
3GS-EXP20-6837,3GS-EXP20-6837
3GS-EXP20-6839,3GS-EXP20-6839
3GS-EXP20-6870,3GS-EXP20-6870
3GS-EXP20-6882,3GS-EXP20-6882
3GS-EXP20-6883,3GS-EXP20-6883
3GS-EXP20-6885,3GS-EXP20-6885
3GS-EXP20-6926,3GS-EXP20-6926
3GS-EXP20-6944,3GS-EXP20-6944
3GS-EXP20-6968,3GS-EXP20-6968
3GS-EXP20-6995,3GS-EXP20-6995
3GS-EXP20-6997,3GS-EXP20-6997
3GS-EXP20-7038,3GS-EXP20-7038
3GS-EXP20-7040,3GS-EXP20-7040
3GS-EXP20-7099,3GS-EXP20-7099
3GS-EXP20-7100,3GS-EXP20-7100
3GS-EXP20-7102,3GS-EXP20-7102
3GS-EXP20-7103,3GS-EXP20-7103
3GS-EXP20-7117,3GS-EXP20-7117
3GS-EXP20-7119,3GS-EXP20-7119
3GS-EXP20-7120,3GS-EXP20-7120
3GS-EXP20-7147,3GS-EXP20-7147
3GS-EXP20-7148,3GS-EXP20-7148
3GS-EXP20-7149,3GS-EXP20-7149
3GS-EXP20-7151,3GS-EXP20-7151
3GS-EXP20-7253,3GS-EXP20-7253
3GS-EXP20-7263,3GS-EXP20-7263
3GS-EXP20-7272,3GS-EXP20-7272
3GS-EXP20-7291,3GS-EXP20-7291
3GS-EXP20-7292,3GS-EXP20-7292
3GS-EXP20-7294,3GS-EXP20-7294
3GS-EXP20-7347,3GS-EXP20-7347
3GS-EXP20-7348,3GS-EXP20-7348
3GS-EXP20-7350,3GS-EXP20-7350
3GS-EXP20-7351,3GS-EXP20-7351
3GS-EXP20-7352,3GS-EXP20-7352
3GS-EXP20-7354,3GS-EXP20-7354
3GS-EXP20-7385,3GS-EXP20-7385
3GS-EXP20-7397,3GS-EXP20-7397
3GS-EXP20-7398,3GS-EXP20-7398
3GS-EXP20-7400,3GS-EXP20-7400
3GS-EXP20-7413,3GS-EXP20-7413
3GS-EXP20-7415,3GS-EXP20-7415
3GS-EXP20-7425,3GS-EXP20-7425
3GS-EXP20-7457,3GS-EXP20-7457
3GS-EXP20-7460,3GS-EXP20-7460
3GS-EXP20-7488,3GS-EXP20-7488
3GS-EXP20-7519,3GS-EXP20-7519
3GS-EXP20-7520,3GS-EXP20-7520
3GS-EXP20-7522,3GS-EXP20-7522
3GS-EXP20-7523,3GS-EXP20-7523
3GS-EXP20-7550,3GS-EXP20-7550
3GS-EXP20-7556,3GS-EXP20-7556
3GS-EXP20-7574,3GS-EXP20-7574
3GS-EXP20-7580,3GS-EXP20-7580
3GS-EXP20-7582,3GS-EXP20-7582
3GS-EXP20-7584,3GS-EXP20-7584
3GS-EXP20-7607,3GS-EXP20-7607
3GS-EXP20-7629,3GS-EXP20-7629
3GS-EXP20-7632,3GS-EXP20-7632
3GS-EXP20-7655,3GS-EXP20-7655
3GS-EXP20-7668,3GS-EXP20-7668
3GS-EXP20-7669,3GS-EXP20-7669
3GS-EXP20-7671,3GS-EXP20-7671
3GS-EXP20-7683,3GS-EXP20-7683
3GS-EXP20-7693,3GS-EXP20-7693
3GS-EXP20-7694,3GS-EXP20-7694
3GS-EXP20-7696,3GS-EXP20-7696
3GS-EXP20-7698,3GS-EXP20-7698
3GS-EXP20-7727,3GS-EXP20-7727
3GS-EXP20-7729,3GS-EXP20-7729
3GS-EXP20-7730,3GS-EXP20-7730
3GS-EXP20-7750,3GS-EXP20-7750
3GS-EXP20-7752,3GS-EXP20-7752
3GS-EXP20-7807,3GS-EXP20-7807
3GS-EXP20-7809,3GS-EXP20-7809
3GS-EXP20-7826,3GS-EXP20-7826
3GS-EXP20-7844,3GS-EXP20-7844
3GS-EXP20-7850,3GS-EXP20-7850
3GS-EXP20-7851,3GS-EXP20-7851
3GS-EXP20-7853,3GS-EXP20-7853
3GS-EXP20-7854,3GS-EXP20-7854
3GS-EXP20-7858,3GS-EXP20-7858
3GS-EXP20-7899,3GS-EXP20-7899
3GS-EXP20-7901,3GS-EXP20-7901
3GS-EXP20-7908,3GS-EXP20-7908
3GS-EXP20-7910,3GS-EXP20-7910
3GS-EXP20-7911,3GS-EXP20-7911
3GS-EXP20-7919,3GS-EXP20-7919
3GS-EXP20-7921,3GS-EXP20-7921
3GS-EXP20-7922,3GS-EXP20-7922
3GS-EXP20-7924,3GS-EXP20-7924
3GS-EXP20-7931,3GS-EXP20-7931
3GS-EXP20-7940,3GS-EXP20-7940
3GS-EXP20-7942,3GS-EXP20-7942
3GS-EXP20-7943,3GS-EXP20-7943
3GS-EXP20-7944,3GS-EXP20-7944
3GS-EXP20-7945,3GS-EXP20-7945
3GS-EXP20-7946,3GS-EXP20-7946
3GS-EXP20-7948,3GS-EXP20-7948
3GS-EXP20-7949,3GS-EXP20-7949
3GS-EXP20-7950,3GS-EXP20-7950
3GS-EXP20-7967,3GS-EXP20-7967
3GS-EXP20-7968,3GS-EXP20-7968
3GS-EXP20-7970,3GS-EXP20-7970
3GS-EXP20-8057,3GS-EXP20-8057
3GS-EXP20-8058,3GS-EXP20-8058
3GS-EXP20-8059,3GS-EXP20-8059
3GS-EXP20-8060,3GS-EXP20-8060
3GS-EXP20-8083,3GS-EXP20-8083
3GS-EXP20-8085,3GS-EXP20-8085
3GS-EXP20-8115,3GS-EXP20-8115
3GS-EXP20-8184,3GS-EXP20-8184
3GS-EXP20-8461,3GS-EXP20-8461
3GS-EXP20-8462,3GS-EXP20-8462
3GS-EXP20-9004,3GS-EXP20-9004
3GS-EXP20-9011,3GS-EXP20-9011
3GS-EXP20-9057,3GS-EXP20-9057
3GS-EXP20-9077,3GS-EXP20-9077
3GS-EXP20-9082,3GS-EXP20-9082
3GS-EXP20-9083,3GS-EXP20-9083
3GS-EXP20-9084,3GS-EXP20-9084
3GS-EXP20-9220,3GS-EXP20-9220
3GS-EXP20-9221,3GS-EXP20-9221
3GS-EXP20-9289,3GS-EXP20-9289
3GS-EXP20-9290,3GS-EXP20-9290
3GS-EXP20-9370,3GS-EXP20-9370
3GS-EXP20-9520,3GS-EXP20-9520
3GS-EXP20-9521,3GS-EXP20-9521
3GS-EXP20-9560,3GS-EXP20-9560
3GS-EXP20-9561,3GS-EXP20-9561
3GS-EXP20-9562,3GS-EXP20-9562
3GS-EXP20-9710,3GS-EXP20-9710
3GS-EXP20-9711,3GS-EXP20-9711
3GS-EXP20-9940,3GS-EXP20-9940
3GS-EXP20-9941,3GS-EXP20-9941
3GS-EXP20-9945,3GS-EXP20-9945
3GS-EXP20-9974,3GS-EXP20-9974
3GS-EXP21-19810,3GS-EXP21-19810
3GS-EXP21-19919,3GS-EXP21-19919
3GS-EXP21-19939,3GS-EXP21-19939
3GS-EXP21-19997,3GS-EXP21-19997
3GS-EXP21-20015,3GS-EXP21-20015
3GS-EXP21-20061,3GS-EXP21-20061
3GS-EXP21-20192,3GS-EXP21-20192
3GS-EXP21-20426,3GS-EXP21-20426
3GS-EXP21-20439,3GS-EXP21-20439
3GS-EXP21-20477,3GS-EXP21-20477
3GS-EXP21-20587,3GS-EXP21-20587
3GS-EXP21-20672,3GS-EXP21-20672
3GS-EXP21-20728,3GS-EXP21-20728
3GS-EXP21-21002,3GS-EXP21-21002
3GS-EXP21-21049,3GS-EXP21-21049
3GS-EXP21-21120,3GS-EXP21-21120
3GS-EXP21-21369,3GS-EXP21-21369
JED-EXP21-00008,JED-EXP21-00008
JED-EXP21-00011,JED-EXP21-00011
JED-EXP21-00047,JED-EXP21-00047
JED-EXP21-00049,JED-EXP21-00049
JED-EXP21-00069,JED-EXP21-00069
JED-EXP21-00115,JED-EXP21-00115
JED-EXP21-00119,JED-EXP21-00119
JED-EXP21-00124,JED-EXP21-00124
JED-EXP21-00125,JED-EXP21-00125
JED-EXP21-00186,JED-EXP21-00186
JED-EXP21-00188,JED-EXP21-00188
JED-EXP21-00189,JED-EXP21-00189
JED-EXP21-00223,JED-EXP21-00223
JED-EXP21-00224,JED-EXP21-00224
JED-EXP21-00234,JED-EXP21-00234
JED-EXP21-00248,JED-EXP21-00248
JED-EXP21-00257,JED-EXP21-00257
JED-EXP21-00258,JED-EXP21-00258
JED-EXP21-00259,JED-EXP21-00259
JED-EXP21-00274,JED-EXP21-00274
JED-EXP21-00290,JED-EXP21-00290
JED-EXP21-00306,JED-EXP21-00306
JED-EXP21-00309,JED-EXP21-00309
JED-EXP21-00361,JED-EXP21-00361
JED-EXP21-00375,JED-EXP21-00375
JED-EXP21-00378,JED-EXP21-00378
JED-EXP21-00390,JED-EXP21-00390
JED-EXP21-00393,JED-EXP21-00393
JED-EXP21-00418,JED-EXP21-00418
JED-EXP21-00419,JED-EXP21-00419
JED-EXP21-00445,JED-EXP21-00445
JED-EXP21-00446,JED-EXP21-00446
JED-EXP21-00447,JED-EXP21-00447
JED-EXP21-00469,JED-EXP21-00469
JED-EXP21-00479,JED-EXP21-00479
JED-EXP21-00482,JED-EXP21-00482
JED-EXP21-00487,JED-EXP21-00487
JED-EXP21-00492,JED-EXP21-00492
JED-EXP21-00502,JED-EXP21-00502
JED-EXP21-00511,JED-EXP21-00511
JED-EXP21-00569,JED-EXP21-00569
JED-EXP21-00598,JED-EXP21-00598
JED-EXP21-00626,JED-EXP21-00626
JED-EXP21-00642,JED-EXP21-00642
JED-EXP21-00647,JED-EXP21-00647
JED-EXP21-00674,JED-EXP21-00674
JED-EXP21-00675,JED-EXP21-00675
JED-EXP21-00692,JED-EXP21-00692
JED-EXP21-00700,JED-EXP21-00700
JED-EXP21-00730,JED-EXP21-00730
JED-EXP21-00771,JED-EXP21-00771
JED-EXP21-00777,JED-EXP21-00777
JED-EXP21-00785,JED-EXP21-00785
JED-EXP21-00837,JED-EXP21-00837
JED-EXP21-00862,JED-EXP21-00862
JED-EXP21-00863,JED-EXP21-00863
JED-EXP21-00905,JED-EXP21-00905
JED-EXP21-00907,JED-EXP21-00907
JED-EXP21-00970,JED-EXP21-00970
JED-EXP21-00978,JED-EXP21-00978
JED-EXP21-00981,JED-EXP21-00981
JED-EXP21-00985,JED-EXP21-00985
JED-EXP21-01006,JED-EXP21-01006
JED-EXP21-01079,JED-EXP21-01079
JED-EXP21-01095,JED-EXP21-01095
JED-EXP21-01133,JED-EXP21-01133
JED-EXP21-01146,JED-EXP21-01146
JED-EXP21-01156,JED-EXP21-01156
JED-EXP21-01166,JED-EXP21-01166
JED-EXP21-01167,JED-EXP21-01167
JED-EXP21-01168,JED-EXP21-01168
JED-EXP21-01173,JED-EXP21-01173
JED-EXP21-01187,JED-EXP21-01187
JED-EXP21-01191,JED-EXP21-01191
JED-EXP21-01203,JED-EXP21-01203
JED-EXP21-01204,JED-EXP21-01204
JED-EXP21-01207,JED-EXP21-01207
JED-EXP21-01239,JED-EXP21-01239
JED-EXP21-01272,JED-EXP21-01272
JED-EXP21-01308,JED-EXP21-01308
JED-EXP21-01335,JED-EXP21-01335
JED-EXP21-01398,JED-EXP21-01398
JED-EXP21-01417,JED-EXP21-01417
JED-EXP21-01451,JED-EXP21-01451
JED-EXP21-01471,JED-EXP21-01471
JED-EXP21-01540,JED-EXP21-01540
JED-EXP21-01546,JED-EXP21-01546
JED-EXP21-01554,JED-EXP21-01554
JED-EXP21-01569,JED-EXP21-01569
JED-EXP21-01575,JED-EXP21-01575
JED-EXP21-01634,JED-EXP21-01634
JED-EXP21-01678,JED-EXP21-01678
JED-EXP21-01681,JED-EXP21-01681
JED-EXP21-01762,JED-EXP21-01762
JED-EXP21-01865,JED-EXP21-01865
JED-EXP21-01877,JED-EXP21-01877
JED-EXP21-01880,JED-EXP21-01880
JED-EXP21-01908,JED-EXP21-01908
JED-EXP21-01945,JED-EXP21-01945
JED-EXP21-01958,JED-EXP21-01958
JED-EXP21-01983,JED-EXP21-01983
JED-EXP21-01994,JED-EXP21-01994
JED-EXP21-02004,JED-EXP21-02004
JED-EXP21-02043,JED-EXP21-02043
JED-EXP21-02081,JED-EXP21-02081
JED-EXP21-02107,JED-EXP21-02107
JED-EXP21-02150,JED-EXP21-02150
JED-EXP21-02194,JED-EXP21-02194
JED-EXP21-02199,JED-EXP21-02199
JED-EXP21-02200,JED-EXP21-02200
JED-EXP21-02249,JED-EXP21-02249
JED-EXP21-02255,JED-EXP21-02255
JED-EXP21-02274,JED-EXP21-02274
JED-EXP21-02287,JED-EXP21-02287
JED-EXP21-02289,JED-EXP21-02289
JED-EXP21-02381,JED-EXP21-02381
JED-EXP21-02415,JED-EXP21-02415
JED-EXP21-02420,JED-EXP21-02420
JED-EXP21-02430,JED-EXP21-02430
JED-EXP21-02553,JED-EXP21-02553
JED-EXP21-02568,JED-EXP21-02568
JED-EXP21-02582,JED-EXP21-02582
JED-EXP21-02594,JED-EXP21-02594
JED-EXP21-02627,JED-EXP21-02627
JED-EXP21-02659,JED-EXP21-02659
JED-EXP21-02669,JED-EXP21-02669
JED-EXP21-02687,JED-EXP21-02687
JED-EXP21-02714,JED-EXP21-02714
JED-EXP21-02715,JED-EXP21-02715
JED-EXP21-02719,JED-EXP21-02719
JED-EXP21-02720,JED-EXP21-02720
JED-EXP21-02722,JED-EXP21-02722
JED-EXP21-02723,JED-EXP21-02723
JED-EXP21-02782,JED-EXP21-02782
JED-EXP21-02783,JED-EXP21-02783
JED-EXP21-02785,JED-EXP21-02785
JED-EXP21-02788,JED-EXP21-02788
JED-EXP21-02792,JED-EXP21-02792
JED-EXP21-02793,JED-EXP21-02793
JED-EXP21-02795,JED-EXP21-02795
JED-EXP21-02796,JED-EXP21-02796
JED-EXP21-02797,JED-EXP21-02797
JED-EXP21-02798,JED-EXP21-02798
JED-EXP21-02801,JED-EXP21-02801
JED-EXP21-02806,JED-EXP21-02806
JED-EXP21-02811,JED-EXP21-02811
JED-EXP21-02819,JED-EXP21-02819
JED-EXP21-02826,JED-EXP21-02826
JED-EXP21-02861,JED-EXP21-02861
JED-EXP21-02866,JED-EXP21-02866
JED-EXP21-02875,JED-EXP21-02875
JED-EXP21-02877,JED-EXP21-02877
JED-EXP21-02891,JED-EXP21-02891
JED-EXP21-02895,JED-EXP21-02895
JED-EXP21-02905,JED-EXP21-02905
JED-EXP21-02927,JED-EXP21-02927
JED-EXP21-02928,JED-EXP21-02928
L21-EXP20-0019,L21-EXP20-0019
L21-EXP20-0117,L21-EXP20-0117
L21-EXP20-0133,L21-EXP20-0133
L21-EXP20-0137,L21-EXP20-0137
L21-EXP20-0208,L21-EXP20-0208
L21-EXP20-0262,L21-EXP20-0262
L21-EXP20-0356,L21-EXP20-0356
L21-EXP20-0425,L21-EXP20-0425
L21-EXP20-0490,L21-EXP20-0490
L21-EXP20-0492,L21-EXP20-0492
L21-EXP20-0545,L21-EXP20-0545
L21-EXP20-0577,L21-EXP20-0577
L21-EXP20-0598,L21-EXP20-0598
L21-EXP20-0601,L21-EXP20-0601
L21-EXP20-0652,L21-EXP20-0652
L21-EXP20-0697,L21-EXP20-0697
L21-EXP20-0756,L21-EXP20-0756
L21-EXP20-0773,L21-EXP20-0773
L21-EXP20-0828,L21-EXP20-0828
L21-EXP20-0842,L21-EXP20-0842
L21-EXP20-0848,L21-EXP20-0848
L21-EXP20-0920,L21-EXP20-0920
L21-EXP20-0933,L21-EXP20-0933
L21-EXP20-0977,L21-EXP20-0977
L21-EXP20-1060,L21-EXP20-1060
L21-EXP20-1114,L21-EXP20-1114
L21-EXP20-1313,L21-EXP20-1313
L21-EXP20-1332,L21-EXP20-1332
L21-EXP20-1338,L21-EXP20-1338
L21-EXP20-1377,L21-EXP20-1377
L21-EXP20-1395,L21-EXP20-1395
L21-EXP20-1419,L21-EXP20-1419
L21-EXP20-1445,L21-EXP20-1445
L21-EXP20-1514,L21-EXP20-1514
L21-EXP20-1537,L21-EXP20-1537
L21-EXP20-1546,L21-EXP20-1546
L21-EXP20-1547,L21-EXP20-1547
L21-EXP20-1548,L21-EXP20-1548
L21-EXP20-1563,L21-EXP20-1563
L21-EXP20-1603,L21-EXP20-1603
L21-EXP20-1749,L21-EXP20-1749
L21-EXP20-1879,L21-EXP20-1879
L21-EXP20-2013,L21-EXP20-2013
L21-EXP20-2123,L21-EXP20-2123
L21-EXP20-2165,L21-EXP20-2165
L21-EXP20-2168,L21-EXP20-2168
L21-EXP20-2175,L21-EXP20-2175
L21-EXP20-2184,L21-EXP20-2184
L21-EXP20-2189,L21-EXP20-2189
L21-EXP20-2191,L21-EXP20-2191
L21-EXP20-2192,L21-EXP20-2192
L21-EXP20-2198,L21-EXP20-2198
L21-EXP20-2214,L21-EXP20-2214
L21-EXP20-2224,L21-EXP20-2224
L21-EXP20-2299,L21-EXP20-2299
L21-EXP20-2312,L21-EXP20-2312
L21-EXP20-2315,L21-EXP20-2315
L21-EXP20-2333,L21-EXP20-2333
L21-EXP20-2374,L21-EXP20-2374
L21-EXP20-2386,L21-EXP20-2386
L21-EXP20-2391,L21-EXP20-2391
L21-EXP20-2441,L21-EXP20-2441
L21-EXP20-2452,L21-EXP20-2452
L21-EXP20-2458,L21-EXP20-2458
L21-EXP20-2460,L21-EXP20-2460
L21-EXP20-2464,L21-EXP20-2464
L21-EXP20-2466,L21-EXP20-2466
L21-EXP20-2468,L21-EXP20-2468
L21-EXP20-2469,L21-EXP20-2469
L21-EXP20-2471,L21-EXP20-2471
L21-EXP20-2474,L21-EXP20-2474
L21-EXP20-2475,L21-EXP20-2475
L21-EXP20-2476,L21-EXP20-2476
L21-EXP20-2477,L21-EXP20-2477
L21-EXP20-2480,L21-EXP20-2480
L21-EXP20-2481,L21-EXP20-2481
L21-EXP20-2484,L21-EXP20-2484
L21-EXP20-2485,L21-EXP20-2485
L21-EXP20-2488,L21-EXP20-2488
L21-EXP20-2489,L21-EXP20-2489
L21-EXP20-2490,L21-EXP20-2490
L21-EXP20-2497,L21-EXP20-2497
L21-EXP20-2501,L21-EXP20-2501
L21-EXP20-2502,L21-EXP20-2502
L21-EXP20-2503,L21-EXP20-2503
L21-EXP20-2504,L21-EXP20-2504
L21-EXP20-2505,L21-EXP20-2505
L21-EXP20-2508,L21-EXP20-2508
L21-EXP20-2509,L21-EXP20-2509
L21-EXP20-2511,L21-EXP20-2511
L21-EXP20-2514,L21-EXP20-2514
L21-EXP20-2518,L21-EXP20-2518
L21-EXP20-2519,L21-EXP20-2519
L21-EXP20-2523,L21-EXP20-2523
L21-EXP20-2527,L21-EXP20-2527
L21-EXP20-2528,L21-EXP20-2528
L21-EXP20-2529,L21-EXP20-2529
L21-EXP20-2530,L21-EXP20-2530
L21-EXP20-2532,L21-EXP20-2532
L21-EXP20-2534,L21-EXP20-2534
L21-EXP20-2535,L21-EXP20-2535
L21-EXP20-2536,L21-EXP20-2536
L21-EXP20-2540,L21-EXP20-2540
L21-EXP20-2544,L21-EXP20-2544
L21-EXP20-2547,L21-EXP20-2547
L21-EXP20-2552,L21-EXP20-2552
L21-EXP20-2555,L21-EXP20-2555
L21-EXP20-2556,L21-EXP20-2556
L21-EXP20-2560,L21-EXP20-2560
L21-EXP20-2563,L21-EXP20-2563
L21-EXP20-2565,L21-EXP20-2565
L21-EXP20-2566,L21-EXP20-2566
L21-EXP20-2575,L21-EXP20-2575
L21-EXP20-2580,L21-EXP20-2580
L21-EXP20-2581,L21-EXP20-2581
L21-EXP20-2585,L21-EXP20-2585
L21-EXP20-2586,L21-EXP20-2586
L21-EXP20-2587,L21-EXP20-2587
L21-EXP20-2592,L21-EXP20-2592
L21-EXP20-2599,L21-EXP20-2599
L21-EXP20-2601,L21-EXP20-2601
L21-EXP20-2602,L21-EXP20-2602
L21-EXP20-2603,L21-EXP20-2603
L21-EXP20-2607,L21-EXP20-2607
L21-EXP20-2608,L21-EXP20-2608
L21-EXP20-2609,L21-EXP20-2609
L21-EXP20-2610,L21-EXP20-2610
L21-EXP20-2612,L21-EXP20-2612
L21-EXP20-2613,L21-EXP20-2613
L21-EXP20-2614,L21-EXP20-2614
L21-EXP20-2615,L21-EXP20-2615
L21-EXP20-2616,L21-EXP20-2616
L21-EXP20-2619,L21-EXP20-2619
L21-EXP20-2620,L21-EXP20-2620
L21-EXP20-2621,L21-EXP20-2621
L21-EXP20-2622,L21-EXP20-2622
L21-EXP20-2623,L21-EXP20-2623
L21-EXP20-2624,L21-EXP20-2624
L21-EXP20-2625,L21-EXP20-2625
L21-EXP20-2626,L21-EXP20-2626
L21-EXP20-2627,L21-EXP20-2627
L21-EXP20-2657,L21-EXP20-2657
L21-EXP20-2765,L21-EXP20-2765
L21-EXP20-2986,L21-EXP20-2986
L21-EXP20-2997,L21-EXP20-2997
L21-EXP20-3002,L21-EXP20-3002
L21-EXP20-3003,L21-EXP20-3003
L21-EXP20-3004,L21-EXP20-3004
L21-EXP20-3005,L21-EXP20-3005
L21-EXP20-3006,L21-EXP20-3006
L21-EXP20-3007,L21-EXP20-3007
L21-EXP20-3008,L21-EXP20-3008
L21-EXP20-3009,L21-EXP20-3009
L21-EXP20-3010,L21-EXP20-3010
L21-EXP20-3011,L21-EXP20-3011
L21-EXP20-3027,L21-EXP20-3027
L21-EXP20-3054,L21-EXP20-3054
L21-EXP20-3101,L21-EXP20-3101
L21-EXP20-3156,L21-EXP20-3156
L21-EXP20-3193,L21-EXP20-3193
L21-EXP20-3202,L21-EXP20-3202
L21-EXP20-3322,L21-EXP20-3322
L21-EXP20-3646,L21-EXP20-3646
L21-EXP20-3944,L21-EXP20-3944
L21-EXP20-3952,L21-EXP20-3952
L21-EXP20-4466,L21-EXP20-4466
L21-EXP20-4830,L21-EXP20-4830
L21-EXP20-4835,L21-EXP20-4835
L21-EXP20-4836,L21-EXP20-4836
L21-EXP20-4837,L21-EXP20-4837
L21-EXP20-4839,L21-EXP20-4839
L21-EXP20-4842,L21-EXP20-4842
L21-EXP20-4844,L21-EXP20-4844
L21-EXP20-4845,L21-EXP20-4845
L21-EXP20-4846,L21-EXP20-4846
L21-EXP20-4847,L21-EXP20-4847
L21-EXP20-4848,L21-EXP20-4848
L21-EXP20-4849,L21-EXP20-4849
L21-EXP20-4850,L21-EXP20-4850
L21-EXP20-4851,L21-EXP20-4851
L21-EXP20-4852,L21-EXP20-4852
L21-EXP20-4853,L21-EXP20-4853
L21-EXP20-4854,L21-EXP20-4854
L21-EXP20-4855,L21-EXP20-4855
L21-EXP20-4856,L21-EXP20-4856
L21-EXP20-4857,L21-EXP20-4857
L21-EXP20-4858,L21-EXP20-4858
L21-EXP20-4859,L21-EXP20-4859
L21-EXP20-4860,L21-EXP20-4860
L21-EXP20-4861,L21-EXP20-4861
L21-EXP20-4866,L21-EXP20-4866
L21-EXP20-4867,L21-EXP20-4867
L21-EXP20-4868,L21-EXP20-4868
L21-EXP20-4869,L21-EXP20-4869
L21-EXP20-4870,L21-EXP20-4870
L21-EXP20-4871,L21-EXP20-4871
L21-EXP20-4872,L21-EXP20-4872
L21-EXP20-4879,L21-EXP20-4879
L21-EXP20-4884,L21-EXP20-4884
L21-EXP20-4890,L21-EXP20-4890
L21-EXP20-4891,L21-EXP20-4891
L21-EXP20-4892,L21-EXP20-4892
L21-EXP20-5284,L21-EXP20-5284
L21-EXP20-5285,L21-EXP20-5285
LUM-EXP20-0056,LUM-EXP20-0056
LUM-EXP20-0057,LUM-EXP20-0057
LUM-EXP20-0061,LUM-EXP20-0061
LUM-EXP20-0085,LUM-EXP20-0085
LUM-EXP20-0086,LUM-EXP20-0086
LUM-EXP20-0091,LUM-EXP20-0091
LUM-EXP20-0111,LUM-EXP20-0111
LUM-EXP20-0117,LUM-EXP20-0117
LUM-EXP20-0181,LUM-EXP20-0181
LUM-EXP20-0203,LUM-EXP20-0203
LUM-EXP20-0207,LUM-EXP20-0207
LUM-EXP20-0661,LUM-EXP20-0661
LUM-EXP20-0676,LUM-EXP20-0676
LUM-EXP20-0677,LUM-EXP20-0677
LUM-EXP20-0678,LUM-EXP20-0678
LUM-EXP20-0679,LUM-EXP20-0679
LUM-EXP20-0680,LUM-EXP20-0680
LUM-EXP20-0688,LUM-EXP20-0688
LUM-EXP20-0690,LUM-EXP20-0690
LUM-EXP20-0691,LUM-EXP20-0691
LUM-EXP20-0696,LUM-EXP20-0696
LUM-EXP20-0701,LUM-EXP20-0701
LUM-EXP20-0707,LUM-EXP20-0707
LUM-EXP20-0711,LUM-EXP20-0711
LUM-EXP20-0712,LUM-EXP20-0712
LUM-EXP20-0717,LUM-EXP20-0717
LUM-EXP20-0718,LUM-EXP20-0718
LUM-EXP20-0719,LUM-EXP20-0719
LUM-EXP20-0721,LUM-EXP20-0721
LUM-EXP20-0722,LUM-EXP20-0722
LUM-EXP20-0731,LUM-EXP20-0731
LUM-EXP20-0732,LUM-EXP20-0732
LUM-EXP20-0733,LUM-EXP20-0733
LUM-EXP20-0734,LUM-EXP20-0734
LUM-EXP20-0741,LUM-EXP20-0741
LUM-EXP20-0745,LUM-EXP20-0745
LUM-EXP20-0747,LUM-EXP20-0747
LUM-EXP20-0748,LUM-EXP20-0748
LUM-EXP20-0749,LUM-EXP20-0749
LUM-EXP20-0757,LUM-EXP20-0757
LUM-EXP20-0764,LUM-EXP20-0764
LUM-EXP20-0765,LUM-EXP20-0765
LUM-EXP20-0774,LUM-EXP20-0774
LUM-EXP20-0775,LUM-EXP20-0775
LUM-EXP20-0779,LUM-EXP20-0779
LUM-EXP20-0782,LUM-EXP20-0782
LUM-EXP20-0783,LUM-EXP20-0783
LUM-EXP20-0785,LUM-EXP20-0785
LUM-EXP20-0787,LUM-EXP20-0787
LUM-EXP20-0788,LUM-EXP20-0788
LUM-EXP20-0789,LUM-EXP20-0789
LUM-EXP20-0791,LUM-EXP20-0791
LUM-EXP20-0799,LUM-EXP20-0799
LUM-EXP20-0823,LUM-EXP20-0823
LUM-EXP20-0824,LUM-EXP20-0824
LUM-EXP20-0825,LUM-EXP20-0825
LUM-EXP20-0826,LUM-EXP20-0826
LUM-EXP20-0830,LUM-EXP20-0830
LUM-EXP20-0831,LUM-EXP20-0831
LUM-EXP20-0836,LUM-EXP20-0836
LUM-EXP20-0841,LUM-EXP20-0841
LUM-EXP20-0849,LUM-EXP20-0849
LUM-EXP20-0853,LUM-EXP20-0853
LUM-EXP20-0854,LUM-EXP20-0854
LUM-EXP20-0860,LUM-EXP20-0860
LUM-EXP20-0872,LUM-EXP20-0872
LUM-EXP20-0877,LUM-EXP20-0877
LUM-EXP20-0880,LUM-EXP20-0880
LUM-EXP20-0885,LUM-EXP20-0885
LUM-EXP20-0889,LUM-EXP20-0889
LUM-EXP20-0894,LUM-EXP20-0894
LUM-EXP20-0902,LUM-EXP20-0902
LUM-EXP20-0903,LUM-EXP20-0903
LUM-EXP20-0905,LUM-EXP20-0905
LUM-EXP20-0906,LUM-EXP20-0906
LUM-EXP20-0909,LUM-EXP20-0909
LUM-EXP20-0910,LUM-EXP20-0910
LUM-EXP20-0912,LUM-EXP20-0912
LUM-EXP20-0913,LUM-EXP20-0913
LUM-EXP20-0916,LUM-EXP20-0916
LUM-EXP20-0920,LUM-EXP20-0920
LUM-EXP20-0943,LUM-EXP20-0943
LUM-EXP20-0944,LUM-EXP20-0944
LUM-EXP20-0946,LUM-EXP20-0946
LUM-EXP20-0981,LUM-EXP20-0981
LUM-EXP20-0984,LUM-EXP20-0984
LUM-EXP20-0985,LUM-EXP20-0985
LUM-EXP20-0988,LUM-EXP20-0988
LUM-EXP20-0995,LUM-EXP20-0995
LUM-EXP20-1002,LUM-EXP20-1002
LUM-EXP20-1003,LUM-EXP20-1003
LUM-EXP20-1008,LUM-EXP20-1008
LUM-EXP20-1011,LUM-EXP20-1011
LUM-EXP20-1014,LUM-EXP20-1014
LUM-EXP20-1015,LUM-EXP20-1015
LUM-EXP20-1017,LUM-EXP20-1017
LUM-EXP20-1018,LUM-EXP20-1018
LUM-EXP20-1020,LUM-EXP20-1020
LUM-EXP20-1023,LUM-EXP20-1023
LUM-EXP20-1032,LUM-EXP20-1032
LUM-EXP20-1035,LUM-EXP20-1035
LUM-EXP20-1038,LUM-EXP20-1038
LUM-EXP20-1040,LUM-EXP20-1040
LUM-EXP20-1043,LUM-EXP20-1043
LUM-EXP20-1044,LUM-EXP20-1044
LUM-EXP20-1049,LUM-EXP20-1049
LUM-EXP20-1051,LUM-EXP20-1051
LUM-EXP20-1054,LUM-EXP20-1054
LUM-EXP20-1057,LUM-EXP20-1057
LUM-EXP20-1063,LUM-EXP20-1063
LUM-EXP20-1074,LUM-EXP20-1074
LUM-EXP20-1075,LUM-EXP20-1075
LUM-EXP20-1076,LUM-EXP20-1076
LUM-EXP20-1083,LUM-EXP20-1083
LUM-EXP20-1084,LUM-EXP20-1084
LUM-EXP20-1087,LUM-EXP20-1087
LUM-EXP20-1091,LUM-EXP20-1091
LUM-EXP20-1092,LUM-EXP20-1092
LUM-EXP20-1093,LUM-EXP20-1093
LUM-EXP20-1094,LUM-EXP20-1094
LUM-EXP20-1095,LUM-EXP20-1095
LUM-EXP20-1096,LUM-EXP20-1096
LUM-EXP20-1097,LUM-EXP20-1097
LUM-EXP20-1098,LUM-EXP20-1098
LUM-EXP20-1100,LUM-EXP20-1100
LUM-EXP20-1103,LUM-EXP20-1103
LUM-EXP20-1104,LUM-EXP20-1104
LUM-EXP20-1105,LUM-EXP20-1105
LUM-EXP20-1107,LUM-EXP20-1107
LUM-EXP20-1108,LUM-EXP20-1108
LUM-EXP20-1122,LUM-EXP20-1122
LUM-EXP20-1123,LUM-EXP20-1123
LUM-EXP20-1130,LUM-EXP20-1130
LUM-EXP20-1131,LUM-EXP20-1131
LUM-EXP20-1133,LUM-EXP20-1133
LUM-EXP20-1141,LUM-EXP20-1141
LUM-EXP20-1142,LUM-EXP20-1142
LUM-EXP20-1143,LUM-EXP20-1143
LUM-EXP20-1146,LUM-EXP20-1146
LUM-EXP20-1150,LUM-EXP20-1150
LUM-EXP20-1151,LUM-EXP20-1151
LUM-EXP20-1158,LUM-EXP20-1158
LUM-EXP20-1165,LUM-EXP20-1165
LUM-EXP20-1175,LUM-EXP20-1175
LUM-EXP20-1179,LUM-EXP20-1179
LUM-EXP20-1180,LUM-EXP20-1180
LUM-EXP20-1182,LUM-EXP20-1182
LUM-EXP20-1188,LUM-EXP20-1188
LUM-EXP20-1194,LUM-EXP20-1194
LUM-EXP20-1202,LUM-EXP20-1202
LUM-EXP20-1210,LUM-EXP20-1210
LUM-EXP20-1213,LUM-EXP20-1213
LUM-EXP20-1218,LUM-EXP20-1218
LUM-EXP20-1222,LUM-EXP20-1222
LUM-EXP20-1235,LUM-EXP20-1235
LUM-EXP20-1236,LUM-EXP20-1236
LUM-EXP20-1239,LUM-EXP20-1239
LUM-EXP20-1240,LUM-EXP20-1240
LUM-EXP20-1244,LUM-EXP20-1244
LUM-EXP20-1246,LUM-EXP20-1246
LUM-EXP20-1249,LUM-EXP20-1249
LUM-EXP20-1250,LUM-EXP20-1250
LUM-EXP20-1253,LUM-EXP20-1253
LUM-EXP20-1258,LUM-EXP20-1258
LUM-EXP20-1270,LUM-EXP20-1270
LUM-EXP20-1292,LUM-EXP20-1292
LUM-EXP20-1293,LUM-EXP20-1293
LUM-EXP20-1296,LUM-EXP20-1296
LUM-EXP20-1336,LUM-EXP20-1336
LUM-EXP20-1339,LUM-EXP20-1339
LUM-EXP20-1343,LUM-EXP20-1343
LUM-EXP20-1360,LUM-EXP20-1360
LUM-EXP20-1361,LUM-EXP20-1361
LUM-EXP20-1366,LUM-EXP20-1366
LUM-EXP20-1370,LUM-EXP20-1370
LUM-EXP20-1372,LUM-EXP20-1372
LUM-EXP20-1375,LUM-EXP20-1375
LUM-EXP20-1378,LUM-EXP20-1378
LUM-EXP20-1379,LUM-EXP20-1379
LUM-EXP20-1381,LUM-EXP20-1381
LUM-EXP20-1382,LUM-EXP20-1382
LUM-EXP20-1386,LUM-EXP20-1386
LUM-EXP20-1397,LUM-EXP20-1397
LUM-EXP20-1400,LUM-EXP20-1400
LUM-EXP20-1403,LUM-EXP20-1403
LUM-EXP20-1405,LUM-EXP20-1405
LUM-EXP20-1408,LUM-EXP20-1408
LUM-EXP20-1414,LUM-EXP20-1414
LUM-EXP20-1422,LUM-EXP20-1422
LUM-EXP20-1428,LUM-EXP20-1428
LUM-EXP20-1439,LUM-EXP20-1439
LUM-EXP20-1440,LUM-EXP20-1440
LUM-EXP20-1441,LUM-EXP20-1441
LUM-EXP20-1450,LUM-EXP20-1450
LUM-EXP20-1454,LUM-EXP20-1454
LUM-EXP20-1458,LUM-EXP20-1458
LUM-EXP20-1459,LUM-EXP20-1459
LUM-EXP20-1460,LUM-EXP20-1460
LUM-EXP20-1462,LUM-EXP20-1462
LUM-EXP20-1465,LUM-EXP20-1465
LUM-EXP20-1467,LUM-EXP20-1467
LUM-EXP20-1470,LUM-EXP20-1470
LUM-EXP20-1473,LUM-EXP20-1473
LUM-EXP20-1475,LUM-EXP20-1475
LUM-EXP20-1477,LUM-EXP20-1477
LUM-EXP20-1478,LUM-EXP20-1478
LUM-EXP20-1480,LUM-EXP20-1480
LUM-EXP20-1485,LUM-EXP20-1485
LUM-EXP20-1490,LUM-EXP20-1490
LUM-EXP20-1492,LUM-EXP20-1492
LUM-EXP20-1494,LUM-EXP20-1494
LUM-EXP20-1495,LUM-EXP20-1495
LUM-EXP20-1496,LUM-EXP20-1496
LUM-EXP20-1498,LUM-EXP20-1498
LUM-EXP20-1499,LUM-EXP20-1499
LUM-EXP20-1500,LUM-EXP20-1500
LUM-EXP20-1502,LUM-EXP20-1502
LUM-EXP20-1507,LUM-EXP20-1507
LUM-EXP20-1510,LUM-EXP20-1510
LUM-EXP20-1511,LUM-EXP20-1511
LUM-EXP20-1512,LUM-EXP20-1512
LUM-EXP20-1514,LUM-EXP20-1514
LUM-EXP20-1517,LUM-EXP20-1517
LUM-EXP20-1522,LUM-EXP20-1522
LUM-EXP20-1524,LUM-EXP20-1524
LUM-EXP20-1525,LUM-EXP20-1525
LUM-EXP20-1529,LUM-EXP20-1529
LUM-EXP20-1533,LUM-EXP20-1533
LUM-EXP20-1535,LUM-EXP20-1535
LUM-EXP20-1546,LUM-EXP20-1546
LUM-EXP20-1547,LUM-EXP20-1547
LUM-EXP20-1548,LUM-EXP20-1548
LUM-EXP20-1549,LUM-EXP20-1549
LUM-EXP20-1550,LUM-EXP20-1550
LUM-EXP20-1553,LUM-EXP20-1553
LUM-EXP20-1555,LUM-EXP20-1555
LUM-EXP20-1558,LUM-EXP20-1558
LUM-EXP20-1562,LUM-EXP20-1562
LUM-EXP20-1563,LUM-EXP20-1563
LUM-EXP20-1565,LUM-EXP20-1565
LUM-EXP20-1567,LUM-EXP20-1567
LUM-EXP20-1571,LUM-EXP20-1571
LUM-EXP20-1573,LUM-EXP20-1573
LUM-EXP20-1575,LUM-EXP20-1575
LUM-EXP20-1576,LUM-EXP20-1576
LUM-EXP20-1581,LUM-EXP20-1581
LUM-EXP20-1584,LUM-EXP20-1584
LUM-EXP20-1587,LUM-EXP20-1587
LUM-EXP20-1611,LUM-EXP20-1611
LUM-EXP20-1616,LUM-EXP20-1616
LUM-EXP20-1622,LUM-EXP20-1622
LUM-EXP20-1624,LUM-EXP20-1624
LUM-EXP20-1628,LUM-EXP20-1628
LUM-EXP20-1631,LUM-EXP20-1631
LUM-EXP20-1646,LUM-EXP20-1646
LUM-EXP20-1649,LUM-EXP20-1649
LUM-EXP20-1651,LUM-EXP20-1651
LUM-EXP20-1652,LUM-EXP20-1652
LUM-EXP20-1653,LUM-EXP20-1653
LUM-EXP20-1662,LUM-EXP20-1662
LUM-EXP20-1663,LUM-EXP20-1663
LUM-EXP20-1664,LUM-EXP20-1664
LUM-EXP20-1666,LUM-EXP20-1666
LUM-EXP20-1667,LUM-EXP20-1667
LUM-EXP20-1674,LUM-EXP20-1674
LUM-EXP20-1676,LUM-EXP20-1676
LUM-EXP20-1681,LUM-EXP20-1681
LUM-EXP20-1690,LUM-EXP20-1690
LUM-EXP20-1696,LUM-EXP20-1696
LUM-EXP20-1697,LUM-EXP20-1697
LUM-EXP20-1703,LUM-EXP20-1703
LUM-EXP20-1707,LUM-EXP20-1707
LUM-EXP20-1708,LUM-EXP20-1708
LUM-EXP20-1709,LUM-EXP20-1709
LUM-EXP20-1710,LUM-EXP20-1710
LUM-EXP20-1722,LUM-EXP20-1722
LUM-EXP20-1729,LUM-EXP20-1729
LUM-EXP20-1730,LUM-EXP20-1730
LUM-EXP20-1736,LUM-EXP20-1736
LUM-EXP20-1746,LUM-EXP20-1746
LUM-EXP20-1748,LUM-EXP20-1748
LUM-EXP20-1749,LUM-EXP20-1749
LUM-EXP20-1756,LUM-EXP20-1756
LUM-EXP20-1759,LUM-EXP20-1759
LUM-EXP20-1762,LUM-EXP20-1762
LUM-EXP20-1763,LUM-EXP20-1763
LUM-EXP20-1764,LUM-EXP20-1764
LUM-EXP20-1769,LUM-EXP20-1769
LUM-EXP20-1773,LUM-EXP20-1773
LUM-EXP20-1775,LUM-EXP20-1775
LUM-EXP20-1780,LUM-EXP20-1780
LUM-EXP20-1785,LUM-EXP20-1785
LUM-EXP20-1789,LUM-EXP20-1789
LUM-EXP20-1793,LUM-EXP20-1793
LUM-EXP20-1797,LUM-EXP20-1797
LUM-EXP20-1804,LUM-EXP20-1804
LUM-EXP20-1806,LUM-EXP20-1806
LUM-EXP20-1814,LUM-EXP20-1814
LUM-EXP20-1816,LUM-EXP20-1816
LUM-EXP20-1817,LUM-EXP20-1817
LUM-EXP20-1818,LUM-EXP20-1818
LUM-EXP20-1821,LUM-EXP20-1821
LUM-EXP20-1822,LUM-EXP20-1822
LUM-EXP20-1823,LUM-EXP20-1823
LUM-EXP20-1824,LUM-EXP20-1824
LUM-EXP20-1827,LUM-EXP20-1827
LUM-EXP20-1833,LUM-EXP20-1833
LUM-EXP20-1837,LUM-EXP20-1837
LUM-EXP20-1838,LUM-EXP20-1838
LUM-EXP20-1840,LUM-EXP20-1840
LUM-EXP20-1843,LUM-EXP20-1843
LUM-EXP20-1961,LUM-EXP20-1961
LUM-EXP20-1987,LUM-EXP20-1987
LUM-EXP20-1997,LUM-EXP20-1997
LUM-EXP20-2008,LUM-EXP20-2008
LUM-EXP20-2012,LUM-EXP20-2012
LUM-EXP20-2050,LUM-EXP20-2050
LUM-EXP20-2094,LUM-EXP20-2094
LUM-EXP20-2137,LUM-EXP20-2137
LUM-EXP20-2838,LUM-EXP20-2838
MIT-EXP20-0003,MIT-EXP20-0003
MIT-EXP20-0008,MIT-EXP20-0008
MIT-EXP20-0010,MIT-EXP20-0010
MIT-EXP20-0011,MIT-EXP20-0011
MIT-EXP20-0019,MIT-EXP20-0019
MIT-EXP20-0023,MIT-EXP20-0023
MIT-EXP20-0025,MIT-EXP20-0025
MIT-EXP20-0031,MIT-EXP20-0031
MIT-EXP20-0085,MIT-EXP20-0085
MIT-EXP20-0904,MIT-EXP20-0904
MOB-EXP19-0007,MOB-EXP19-0007
MOB-EXP19-0050,MOB-EXP19-0050
MOB-EXP19-0052,MOB-EXP19-0052
MOB-EXP19-0059,MOB-EXP19-0059
MOB-EXP19-0063,MOB-EXP19-0063
MOB-EXP19-0092,MOB-EXP19-0092
MOB-EXP19-0094,MOB-EXP19-0094
MOB-EXP19-0098,MOB-EXP19-0098
MOB-EXP19-0099,MOB-EXP19-0099
MOB-EXP19-0100,MOB-EXP19-0100
MOB-EXP19-0109,MOB-EXP19-0109
MOB-EXP19-0113,MOB-EXP19-0113
MOB-EXP19-0119,MOB-EXP19-0119
MOB-EXP19-0145,MOB-EXP19-0145
MOB-EXP19-0149,MOB-EXP19-0149
MOB-EXP19-0155,MOB-EXP19-0155
MOB-EXP19-0190,MOB-EXP19-0190
MOB-EXP19-0203,MOB-EXP19-0203
MOB-EXP19-0208,MOB-EXP19-0208
MOB-EXP19-0217,MOB-EXP19-0217
MOB-EXP19-0227,MOB-EXP19-0227
MOB-EXP19-0229,MOB-EXP19-0229
MOB-EXP19-0239,MOB-EXP19-0239
MOB-EXP19-0256,MOB-EXP19-0256
MOB-EXP19-0279,MOB-EXP19-0279
MOB-EXP19-0293,MOB-EXP19-0293
MOB-EXP19-0298,MOB-EXP19-0298
MOB-EXP19-0302,MOB-EXP19-0302
MOB-EXP19-0307,MOB-EXP19-0307
MOB-EXP19-0308,MOB-EXP19-0308
MOB-EXP19-0313,MOB-EXP19-0313
MOB-EXP19-0324,MOB-EXP19-0324
MOB-EXP19-0348,MOB-EXP19-0348
MOB-EXP19-0355,MOB-EXP19-0355
MOB-EXP19-0364,MOB-EXP19-0364
MOB-EXP19-0383,MOB-EXP19-0383
MOB-EXP19-0407,MOB-EXP19-0407
MOB-EXP19-0412,MOB-EXP19-0412
MOB-EXP19-0415,MOB-EXP19-0415
MOB-EXP19-0453,MOB-EXP19-0453
MOB-EXP19-0472,MOB-EXP19-0472
MOB-EXP19-0480,MOB-EXP19-0480
MOB-EXP19-0483,MOB-EXP19-0483
MOB-EXP19-0487,MOB-EXP19-0487
MOB-EXP19-0489,MOB-EXP19-0489
MOB-EXP19-0503,MOB-EXP19-0503
MOB-EXP19-0517,MOB-EXP19-0517
MOB-EXP19-0527,MOB-EXP19-0527
MOB-EXP19-0530,MOB-EXP19-0530
MOB-EXP19-0531,MOB-EXP19-0531
MOB-EXP19-0534,MOB-EXP19-0534
MOB-EXP19-0535,MOB-EXP19-0535
MOB-EXP19-0560,MOB-EXP19-0560
MOB-EXP19-0561,MOB-EXP19-0561
MOB-EXP19-0574,MOB-EXP19-0574
MOB-EXP19-0577,MOB-EXP19-0577
MOB-EXP19-0581,MOB-EXP19-0581
MOB-EXP19-0583,MOB-EXP19-0583
MOB-EXP19-0586,MOB-EXP19-0586
MOB-EXP19-0591,MOB-EXP19-0591
MOB-EXP19-0593,MOB-EXP19-0593
MOB-EXP19-0610,MOB-EXP19-0610
MOB-EXP19-0617,MOB-EXP19-0617
MOB-EXP19-0623,MOB-EXP19-0623
MOB-EXP19-0629,MOB-EXP19-0629
MOB-EXP19-0631,MOB-EXP19-0631
MOB-EXP19-0654,MOB-EXP19-0654
MOB-EXP19-0669,MOB-EXP19-0669
MOB-EXP19-0674,MOB-EXP19-0674
MOB-EXP19-0677,MOB-EXP19-0677
MOB-EXP19-0680,MOB-EXP19-0680
MOB-EXP19-0686,MOB-EXP19-0686
MOB-EXP19-0707,MOB-EXP19-0707
MOB-EXP19-0710,MOB-EXP19-0710
MOB-EXP19-0711,MOB-EXP19-0711
MOB-EXP19-0723,MOB-EXP19-0723
MOB-EXP19-0732,MOB-EXP19-0732
MOB-EXP19-0737,MOB-EXP19-0737
MOB-EXP19-0738,MOB-EXP19-0738
MOB-EXP19-0740,MOB-EXP19-0740
MOB-EXP19-0753,MOB-EXP19-0753
MOB-EXP19-0757,MOB-EXP19-0757
MOB-EXP19-0778,MOB-EXP19-0778
MOB-EXP19-0809,MOB-EXP19-0809
MOB-EXP19-0813,MOB-EXP19-0813
MOB-EXP19-0831,MOB-EXP19-0831
MOB-EXP19-0836,MOB-EXP19-0836
MOB-EXP19-0843,MOB-EXP19-0843
MOB-EXP19-0852,MOB-EXP19-0852
MOB-EXP19-0853,MOB-EXP19-0853
MOB-EXP19-0864,MOB-EXP19-0864
MOB-EXP19-0873,MOB-EXP19-0873
MOB-EXP19-0879,MOB-EXP19-0879
MOB-EXP19-0886,MOB-EXP19-0886
MOB-EXP19-0892,MOB-EXP19-0892
MOB-EXP19-0894,MOB-EXP19-0894
MOB-EXP19-0908,MOB-EXP19-0908
MOB-EXP19-0931,MOB-EXP19-0931
MOB-EXP19-0932,MOB-EXP19-0932
MOB-EXP19-0936,MOB-EXP19-0936
MOB-EXP19-0969,MOB-EXP19-0969
MOB-EXP19-0978,MOB-EXP19-0978
MOB-EXP19-0979,MOB-EXP19-0979
MOB-EXP19-1009,MOB-EXP19-1009
MOB-EXP19-1026,MOB-EXP19-1026
MOB-EXP19-1028,MOB-EXP19-1028
MOB-EXP19-1034,MOB-EXP19-1034
MOB-EXP19-1044,MOB-EXP19-1044
MOB-EXP19-1045,MOB-EXP19-1045
MOB-EXP19-1054,MOB-EXP19-1054
MOB-EXP19-1059,MOB-EXP19-1059
MOB-EXP19-1069,MOB-EXP19-1069
MOB-EXP19-1073,MOB-EXP19-1073
MOB-EXP19-1081,MOB-EXP19-1081
MOB-EXP19-1090,MOB-EXP19-1090
MOB-EXP19-1112,MOB-EXP19-1112
MOB-EXP19-1123,MOB-EXP19-1123
MOB-EXP19-1131,MOB-EXP19-1131
MOB-EXP19-1133,MOB-EXP19-1133
MOB-EXP19-1141,MOB-EXP19-1141
MOB-EXP19-1154,MOB-EXP19-1154
MOB-EXP19-1391,MOB-EXP19-1391
MOB-EXP19-1395,MOB-EXP19-1395
MOB-EXP19-1396,MOB-EXP19-1396
MOB-EXP19-1397,MOB-EXP19-1397
MOB-EXP19-1411,MOB-EXP19-1411
MOB-EXP19-1424,MOB-EXP19-1424
MOB-EXP19-1428,MOB-EXP19-1428
MOB-EXP19-1429,MOB-EXP19-1429
MOB-EXP19-1451,MOB-EXP19-1451
MOB-EXP19-1456,MOB-EXP19-1456
MOB-EXP19-1457,MOB-EXP19-1457
MOB-EXP19-1460,MOB-EXP19-1460
MOB-EXP19-1465,MOB-EXP19-1465
MOB-EXP19-1475,MOB-EXP19-1475
MOB-EXP19-1487,MOB-EXP19-1487
MOB-EXP19-1523,MOB-EXP19-1523
MOB-EXP19-1526,MOB-EXP19-1526
MOB-EXP19-1527,MOB-EXP19-1527
MOB-EXP19-1533,MOB-EXP19-1533
MOB-EXP19-1539,MOB-EXP19-1539
MOB-EXP19-1545,MOB-EXP19-1545
MOB-EXP19-1550,MOB-EXP19-1550
MOB-EXP19-1561,MOB-EXP19-1561
MOB-EXP19-1562,MOB-EXP19-1562
MOB-EXP19-1567,MOB-EXP19-1567
MOB-EXP19-1571,MOB-EXP19-1571
MOB-EXP19-1577,MOB-EXP19-1577
MOB-EXP19-1583,MOB-EXP19-1583
MOB-EXP19-1585,MOB-EXP19-1585
MOB-EXP19-1587,MOB-EXP19-1587
MOB-EXP19-1589,MOB-EXP19-1589
MOB-EXP19-1599,MOB-EXP19-1599
MOB-EXP19-1606,MOB-EXP19-1606
MOB-EXP19-1611,MOB-EXP19-1611
MOB-EXP19-1619,MOB-EXP19-1619
MOB-EXP19-1622,MOB-EXP19-1622
MOB-EXP19-1623,MOB-EXP19-1623
MOB-EXP19-1631,MOB-EXP19-1631
MOB-EXP19-1633,MOB-EXP19-1633
MOB-EXP19-1649,MOB-EXP19-1649
MOB-EXP19-1654,MOB-EXP19-1654
MOB-EXP19-1686,MOB-EXP19-1686
MOB-EXP19-1727,MOB-EXP19-1727
MOB-EXP19-1772,MOB-EXP19-1772
MOB-EXP19-1799,MOB-EXP19-1799
MOB-EXP19-1803,MOB-EXP19-1803
MOB-EXP19-1805,MOB-EXP19-1805
MOB-EXP19-1806,MOB-EXP19-1806
MOB-EXP19-1808,MOB-EXP19-1808
MOB-EXP19-1822,MOB-EXP19-1822
MOB-EXP19-1829,MOB-EXP19-1829
MOB-EXP19-1853,MOB-EXP19-1853
MOB-EXP19-1875,MOB-EXP19-1875
MOB-EXP19-1881,MOB-EXP19-1881
MOB-EXP19-1888,MOB-EXP19-1888
MOB-EXP19-1891,MOB-EXP19-1891
MOB-EXP19-1897,MOB-EXP19-1897
MOB-EXP19-1900,MOB-EXP19-1900
MOB-EXP19-1902,MOB-EXP19-1902
MOB-EXP19-1919,MOB-EXP19-1919
MOB-EXP19-1923,MOB-EXP19-1923
MOB-EXP19-1924,MOB-EXP19-1924
MOB-EXP19-1932,MOB-EXP19-1932
MOB-EXP19-1934,MOB-EXP19-1934
MOB-EXP19-1946,MOB-EXP19-1946
MOB-EXP19-1976,MOB-EXP19-1976
MOB-EXP19-1997,MOB-EXP19-1997
MOB-EXP19-2008,MOB-EXP19-2008
MOB-EXP19-2009,MOB-EXP19-2009
MOB-EXP19-2015,MOB-EXP19-2015
MOB-EXP19-2016,MOB-EXP19-2016
MOB-EXP19-2030,MOB-EXP19-2030
MOB-EXP19-2052,MOB-EXP19-2052
MOB-EXP19-2055,MOB-EXP19-2055
MOB-EXP19-2058,MOB-EXP19-2058
MOB-EXP19-2059,MOB-EXP19-2059
MOB-EXP19-2066,MOB-EXP19-2066
MOB-EXP19-2070,MOB-EXP19-2070
MOB-EXP19-2079,MOB-EXP19-2079
MOB-EXP19-2085,MOB-EXP19-2085
MOB-EXP19-2086,MOB-EXP19-2086
MOB-EXP19-2107,MOB-EXP19-2107
MOB-EXP19-2115,MOB-EXP19-2115
MOB-EXP19-2142,MOB-EXP19-2142
MOB-EXP19-2144,MOB-EXP19-2144
MOB-EXP19-2149,MOB-EXP19-2149
MOB-EXP19-2163,MOB-EXP19-2163
MOB-EXP19-2167,MOB-EXP19-2167
MOB-EXP19-2170,MOB-EXP19-2170
MOB-EXP19-2178,MOB-EXP19-2178
MOB-EXP19-2191,MOB-EXP19-2191
MOB-EXP19-2194,MOB-EXP19-2194
MOB-EXP19-2195,MOB-EXP19-2195
MOB-EXP19-2211,MOB-EXP19-2211
MOB-EXP19-2215,MOB-EXP19-2215
MOB-EXP19-2227,MOB-EXP19-2227
MOB-EXP19-2241,MOB-EXP19-2241
MOB-EXP19-2260,MOB-EXP19-2260
MOB-EXP19-2266,MOB-EXP19-2266
MOB-EXP19-2308,MOB-EXP19-2308
MOB-EXP19-2311,MOB-EXP19-2311
MOB-EXP19-2312,MOB-EXP19-2312
MOB-EXP19-2320,MOB-EXP19-2320
MOB-EXP19-2329,MOB-EXP19-2329
MOB-EXP19-2332,MOB-EXP19-2332
MOB-EXP19-2347,MOB-EXP19-2347
MOB-EXP19-2360,MOB-EXP19-2360
MOB-EXP19-2372,MOB-EXP19-2372
MOB-EXP19-2376,MOB-EXP19-2376
MOB-EXP19-2392,MOB-EXP19-2392
MOB-EXP19-2393,MOB-EXP19-2393
MOB-EXP19-2395,MOB-EXP19-2395
MOB-EXP19-2398,MOB-EXP19-2398
MOB-EXP19-2401,MOB-EXP19-2401
MOB-EXP19-2415,MOB-EXP19-2415
MOB-EXP19-2417,MOB-EXP19-2417
MOB-EXP19-2419,MOB-EXP19-2419
MOB-EXP19-2445,MOB-EXP19-2445
MOB-EXP19-2447,MOB-EXP19-2447
MOB-EXP19-2453,MOB-EXP19-2453
MOB-EXP19-2457,MOB-EXP19-2457
MOB-EXP19-2460,MOB-EXP19-2460
MOB-EXP19-2472,MOB-EXP19-2472
MOB-EXP19-2475,MOB-EXP19-2475
MOB-EXP19-2480,MOB-EXP19-2480
MOB-EXP19-2489,MOB-EXP19-2489
MOB-EXP19-2498,MOB-EXP19-2498
MOB-EXP19-2515,MOB-EXP19-2515
MOB-EXP19-2529,MOB-EXP19-2529
MOB-EXP19-2545,MOB-EXP19-2545
MOB-EXP19-2546,MOB-EXP19-2546
MOB-EXP19-2561,MOB-EXP19-2561
MOB-EXP19-2567,MOB-EXP19-2567
MOB-EXP19-2570,MOB-EXP19-2570
MOB-EXP19-2574,MOB-EXP19-2574
MOB-EXP19-2586,MOB-EXP19-2586
MOB-EXP19-2594,MOB-EXP19-2594
MOB-EXP19-2610,MOB-EXP19-2610
MOB-EXP19-2615,MOB-EXP19-2615
MOB-EXP19-2642,MOB-EXP19-2642
MOB-EXP19-2646,MOB-EXP19-2646
MOB-EXP19-2649,MOB-EXP19-2649
MOB-EXP19-2678,MOB-EXP19-2678
MOB-EXP19-2679,MOB-EXP19-2679
MOB-EXP19-2684,MOB-EXP19-2684
MOB-EXP19-2693,MOB-EXP19-2693
MOB-EXP19-2703,MOB-EXP19-2703
MOB-EXP19-2749,MOB-EXP19-2749
MOB-EXP19-2754,MOB-EXP19-2754
MOB-EXP19-2761,MOB-EXP19-2761
MOB-EXP19-2813,MOB-EXP19-2813
MOB-EXP19-2815,MOB-EXP19-2815
MOB-EXP19-2816,MOB-EXP19-2816
MOB-EXP19-2819,MOB-EXP19-2819
MOB-EXP19-2824,MOB-EXP19-2824
MOB-EXP19-2826,MOB-EXP19-2826
MOB-EXP19-2833,MOB-EXP19-2833
MOB-EXP19-2885,MOB-EXP19-2885
MOB-EXP19-2886,MOB-EXP19-2886
MOB-EXP19-2894,MOB-EXP19-2894
MOB-EXP19-2948,MOB-EXP19-2948
MOB-EXP19-2951,MOB-EXP19-2951
MOB-EXP19-2972,MOB-EXP19-2972
MOB-EXP19-2989,MOB-EXP19-2989
MOB-EXP19-2992,MOB-EXP19-2992
MOB-EXP19-3002,MOB-EXP19-3002
MOB-EXP19-3021,MOB-EXP19-3021
MOB-EXP19-3026,MOB-EXP19-3026
MOB-EXP19-3037,MOB-EXP19-3037
MOB-EXP19-3043,MOB-EXP19-3043
MOB-EXP19-3063,MOB-EXP19-3063
MOB-EXP19-3075,MOB-EXP19-3075
MOB-EXP19-3081,MOB-EXP19-3081
MOB-EXP19-3087,MOB-EXP19-3087
MOB-EXP19-3100,MOB-EXP19-3100
MOB-EXP19-3102,MOB-EXP19-3102
MOB-EXP19-3108,MOB-EXP19-3108
MOB-EXP19-3117,MOB-EXP19-3117
MOB-EXP19-3136,MOB-EXP19-3136
MOB-EXP19-3144,MOB-EXP19-3144
MOB-EXP19-3150,MOB-EXP19-3150
MOB-EXP19-3165,MOB-EXP19-3165
MOB-EXP19-3167,MOB-EXP19-3167
MOB-EXP19-3169,MOB-EXP19-3169
MOB-EXP19-3170,MOB-EXP19-3170
MOB-EXP19-3177,MOB-EXP19-3177
MOB-EXP19-3182,MOB-EXP19-3182
MOB-EXP19-3193,MOB-EXP19-3193
MOB-EXP19-3218,MOB-EXP19-3218
MOB-EXP19-3287,MOB-EXP19-3287
MOB-EXP19-3307,MOB-EXP19-3307
MOB-EXP19-3311,MOB-EXP19-3311
MOB-EXP19-3314,MOB-EXP19-3314
MOB-EXP19-3322,MOB-EXP19-3322
MOB-EXP19-3346,MOB-EXP19-3346
MOB-EXP19-3385,MOB-EXP19-3385
MOB-EXP19-3400,MOB-EXP19-3400
MOB-EXP19-3401,MOB-EXP19-3401
MOB-EXP19-3446,MOB-EXP19-3446
MOB-EXP19-3468,MOB-EXP19-3468
MOB-EXP19-3484,MOB-EXP19-3484
MOB-EXP19-3536,MOB-EXP19-3536
MOB-EXP19-3553,MOB-EXP19-3553
MOB-EXP19-3558,MOB-EXP19-3558
MOB-EXP19-3574,MOB-EXP19-3574
MOB-EXP19-3589,MOB-EXP19-3589
MOB-EXP19-3592,MOB-EXP19-3592
MOB-EXP19-3596,MOB-EXP19-3596
MOB-EXP19-3608,MOB-EXP19-3608
MOB-EXP19-3609,MOB-EXP19-3609
MOB-EXP19-3616,MOB-EXP19-3616
MOB-EXP19-3640,MOB-EXP19-3640
MOB-EXP19-3645,MOB-EXP19-3645
MOB-EXP19-3654,MOB-EXP19-3654
MOB-EXP19-3656,MOB-EXP19-3656
MOB-EXP19-3704,MOB-EXP19-3704
MOB-EXP19-3733,MOB-EXP19-3733
MOB-EXP19-3832,MOB-EXP19-3832
MOB-EXP19-3918,MOB-EXP19-3918
MOB-EXP19-3928,MOB-EXP19-3928
MOB-EXP19-3935,MOB-EXP19-3935
MOB-EXP19-3944,MOB-EXP19-3944
MOB-EXP19-3953,MOB-EXP19-3953
MOB-EXP19-3954,MOB-EXP19-3954
MOB-EXP19-3960,MOB-EXP19-3960
MOB-EXP19-3981,MOB-EXP19-3981
MOB-EXP19-4382,MOB-EXP19-4382
MOB-EXP19-4387,MOB-EXP19-4387
MOB-EXP19-4404,MOB-EXP19-4404
MOB-EXP19-4531,MOB-EXP19-4531
MOB-EXP19-4535,MOB-EXP19-4535
MOB-EXP19-4540,MOB-EXP19-4540
MOB-EXP19-4554,MOB-EXP19-4554
MOB-EXP19-4571,MOB-EXP19-4571
MOB-EXP19-4576,MOB-EXP19-4576
MOB-EXP19-4583,MOB-EXP19-4583
MOB-EXP19-4591,MOB-EXP19-4591
MOB-EXP19-4637,MOB-EXP19-4637
MOB-EXP19-4644,MOB-EXP19-4644
MOB-EXP19-4659,MOB-EXP19-4659
MOB-EXP19-4670,MOB-EXP19-4670
MOB-EXP19-4676,MOB-EXP19-4676
MOB-EXP19-4680,MOB-EXP19-4680
MOB-EXP19-4681,MOB-EXP19-4681
MOB-EXP19-4685,MOB-EXP19-4685
MOB-EXP19-4729,MOB-EXP19-4729
MOB-EXP19-4741,MOB-EXP19-4741
MOB-EXP19-4774,MOB-EXP19-4774
MOB-EXP19-4807,MOB-EXP19-4807
MOB-EXP19-4836,MOB-EXP19-4836
MOB-EXP19-4854,MOB-EXP19-4854
MOB-EXP19-4869,MOB-EXP19-4869
MOB-EXP19-4870,MOB-EXP19-4870
MOB-EXP19-4880,MOB-EXP19-4880
MOB-EXP19-4885,MOB-EXP19-4885
MOB-EXP19-4889,MOB-EXP19-4889
MOB-EXP20-0027,MOB-EXP20-0027
MOB-EXP20-0108,MOB-EXP20-0108
MOB-EXP20-0109,MOB-EXP20-0109
MOB-EXP20-0158,MOB-EXP20-0158
MOB-EXP20-0190,MOB-EXP20-0190
MOB-EXP20-0211,MOB-EXP20-0211
MOB-EXP20-0227,MOB-EXP20-0227
MOB-EXP20-0252,MOB-EXP20-0252
MOB-EXP20-0267,MOB-EXP20-0267
MOB-EXP20-0295,MOB-EXP20-0295
MOB-EXP20-0308,MOB-EXP20-0308
MOB-EXP20-0332,MOB-EXP20-0332
MOB-EXP20-0345,MOB-EXP20-0345
MOB-EXP20-0366,MOB-EXP20-0366
MOB-EXP20-0382,MOB-EXP20-0382
MOB-EXP20-0392,MOB-EXP20-0392
MOB-EXP20-0435,MOB-EXP20-0435
MOB-EXP20-0486,MOB-EXP20-0486
MOB-EXP20-0547,MOB-EXP20-0547
MOB-EXP20-0556,MOB-EXP20-0556
MOB-EXP20-0598,MOB-EXP20-0598
MOB-EXP20-0606,MOB-EXP20-0606
MOB-EXP20-0632,MOB-EXP20-0632
MOB-EXP20-0724,MOB-EXP20-0724
MOB-EXP20-0789,MOB-EXP20-0789
MOB-EXP20-0792,MOB-EXP20-0792
MOB-EXP20-0823,MOB-EXP20-0823
MOB-EXP20-0956,MOB-EXP20-0956
MOB-EXP20-0998,MOB-EXP20-0998
MOB-EXP20-1039,MOB-EXP20-1039
MOB-EXP20-1078,MOB-EXP20-1078
MOB-EXP20-1093,MOB-EXP20-1093
MOB-EXP20-1096,MOB-EXP20-1096
MOB-EXP20-1194,MOB-EXP20-1194
MOB-EXP20-1221,MOB-EXP20-1221
MOB-EXP20-1247,MOB-EXP20-1247
MOB-EXP20-1268,MOB-EXP20-1268
MOB-EXP20-1271,MOB-EXP20-1271
MOB-EXP20-1273,MOB-EXP20-1273
MOB-EXP20-1277,MOB-EXP20-1277
MOB-EXP20-1320,MOB-EXP20-1320
MOB-EXP20-1322,MOB-EXP20-1322
MOB-EXP20-1361,MOB-EXP20-1361
MOB-EXP20-1399,MOB-EXP20-1399
MOB-EXP20-1400,MOB-EXP20-1400
MOB-EXP20-1455,MOB-EXP20-1455
MOB-EXP20-1471,MOB-EXP20-1471
MOB-EXP20-1483,MOB-EXP20-1483
MOB-EXP20-1688,MOB-EXP20-1688
MOB-EXP20-1753,MOB-EXP20-1753
MOB-EXP20-1767,MOB-EXP20-1767
MOB-EXP20-1850,MOB-EXP20-1850
MOB-EXP20-1853,MOB-EXP20-1853
MOB-EXP20-1901,MOB-EXP20-1901
MOB-EXP20-1985,MOB-EXP20-1985
MOB-EXP20-2082,MOB-EXP20-2082
MOB-EXP20-2085,MOB-EXP20-2085
MOB-EXP20-2086,MOB-EXP20-2086
MOB-EXP20-2090,MOB-EXP20-2090
MOB-EXP20-2174,MOB-EXP20-2174
MOB-EXP20-2187,MOB-EXP20-2187
MOB-EXP20-2224,MOB-EXP20-2224
MOB-EXP20-2226,MOB-EXP20-2226
MOB-EXP20-2232,MOB-EXP20-2232
MOB-EXP20-2234,MOB-EXP20-2234
MOB-EXP20-2303,MOB-EXP20-2303
MOB-EXP20-2306,MOB-EXP20-2306
MOB-EXP20-2317,MOB-EXP20-2317
MOB-EXP20-2358,MOB-EXP20-2358
MOB-EXP20-2359,MOB-EXP20-2359
MOB-EXP20-2361,MOB-EXP20-2361
MOB-EXP20-2364,MOB-EXP20-2364
MOB-EXP20-2367,MOB-EXP20-2367
MOB-EXP20-2368,MOB-EXP20-2368
MOB-EXP20-2377,MOB-EXP20-2377
MOB-EXP20-2482,MOB-EXP20-2482
MOB-EXP20-2492,MOB-EXP20-2492
MOB-EXP20-2501,MOB-EXP20-2501
MOB-EXP20-2605,MOB-EXP20-2605
MOB-TRFS20-0004,MOB-TRFS20-0004
MOB-TRFS20-0009,MOB-TRFS20-0009
MOB-TRFS20-0010,MOB-TRFS20-0010
MOB-TRFS20-0011,MOB-TRFS20-0011
MOB-TRFS20-0014,MOB-TRFS20-0014
MOB-TRFS20-0016,MOB-TRFS20-0016
MOB-TRFS20-0017,MOB-TRFS20-0017
MOB-TRFS20-0018,MOB-TRFS20-0018
MOB-TRFS20-0019,MOB-TRFS20-0019
MOB-TRFS20-0020,MOB-TRFS20-0020
MOB-TRFS20-0021,MOB-TRFS20-0021
MOB-TRFS20-0022,MOB-TRFS20-0022
MOB-TRFS20-0023,MOB-TRFS20-0023
MOB-TRFS20-0025,MOB-TRFS20-0025
MOB-TRFS20-0026,MOB-TRFS20-0026
MOB-TRFS20-0028,MOB-TRFS20-0028
MOB-TRFS20-0029,MOB-TRFS20-0029
MOB-TRFS20-0031,MOB-TRFS20-0031
MOB-TRFS20-0033,MOB-TRFS20-0033
MOB-TRFS20-0035,MOB-TRFS20-0035
MOB-TRFS20-0039,MOB-TRFS20-0039
MOB-TRFS20-0043,MOB-TRFS20-0043
MOB-TRFS20-0044,MOB-TRFS20-0044
MOB-TRFS20-0047,MOB-TRFS20-0047
MOB-TRFS20-0048,MOB-TRFS20-0048
MOB-TRFS20-0049,MOB-TRFS20-0049
MOB-TRFS20-0050,MOB-TRFS20-0050
MOB-TRFS20-0051,MOB-TRFS20-0051
MOB-TRFS20-0055,MOB-TRFS20-0055
MOB-TRFS20-0057,MOB-TRFS20-0057
MOB-TRFS20-0059,MOB-TRFS20-0059
MOB-TRFS20-0061,MOB-TRFS20-0061
MOB-TRFS20-0064,MOB-TRFS20-0064
MOB-TRFS20-0065,MOB-TRFS20-0065
MOB-TRFS20-0066,MOB-TRFS20-0066
MOB-TRFS20-0069,MOB-TRFS20-0069
MOB-TRFS20-0070,MOB-TRFS20-0070
MOB-TRFS20-0071,MOB-TRFS20-0071
MOB-TRFS20-0072,MOB-TRFS20-0072
MOB-TRFS20-0073,MOB-TRFS20-0073
MOB-TRFS20-0074,MOB-TRFS20-0074
MOB-TRFS20-0075,MOB-TRFS20-0075
MOB-TRFS20-0076,MOB-TRFS20-0076
MOB-TRFS20-0077,MOB-TRFS20-0077
MOB-TRFS20-0079,MOB-TRFS20-0079
MOB-TRFS20-0080,MOB-TRFS20-0080
MOB-TRFS20-0081,MOB-TRFS20-0081
MOB-TRFS20-0082,MOB-TRFS20-0082
MOB-TRFS20-0083,MOB-TRFS20-0083
MOB-TRFS20-0084,MOB-TRFS20-0084
MOB-TRFS20-0086,MOB-TRFS20-0086
MOB-TRFS20-0087,MOB-TRFS20-0087
MOB-TRFS20-0088,MOB-TRFS20-0088
MOB-TRFS20-0091,MOB-TRFS20-0091
MOB-TRFS20-0093,MOB-TRFS20-0093
MOB-TRFS20-0094,MOB-TRFS20-0094
MOB-TRFS20-0189,MOB-TRFS20-0189
N26-EXP20-0009,N26-EXP20-0009
N26-EXP20-0018,N26-EXP20-0018
N26-EXP20-0029,N26-EXP20-0029
N26-EXP20-0064,N26-EXP20-0064
N26-EXP20-0074,N26-EXP20-0074
N26-EXP20-0087,N26-EXP20-0087
N26-EXP20-0091,N26-EXP20-0091
N26-EXP20-0092,N26-EXP20-0092
N26-EXP20-0101,N26-EXP20-0101
N26-EXP20-0110,N26-EXP20-0110
N26-EXP20-0115,N26-EXP20-0115
N26-EXP20-0133,N26-EXP20-0133
N26-EXP20-0135,N26-EXP20-0135
N26-EXP20-0142,N26-EXP20-0142
N26-EXP20-0147,N26-EXP20-0147
N26-EXP20-0152,N26-EXP20-0152
N26-EXP20-0167,N26-EXP20-0167
N26-EXP20-0182,N26-EXP20-0182
N26-EXP20-0183,N26-EXP20-0183
N26-EXP20-0189,N26-EXP20-0189
N26-EXP20-0207,N26-EXP20-0207
N26-EXP20-0215,N26-EXP20-0215
N26-EXP20-0217,N26-EXP20-0217
N26-EXP20-0242,N26-EXP20-0242
N26-EXP20-0245,N26-EXP20-0245
N26-EXP20-0267,N26-EXP20-0267
N26-EXP20-0272,N26-EXP20-0272
N26-EXP20-0274,N26-EXP20-0274
N26-EXP20-0282,N26-EXP20-0282
N26-EXP20-0304,N26-EXP20-0304
N26-EXP20-0317,N26-EXP20-0317
N26-EXP20-0342,N26-EXP20-0342
N26-EXP20-0349,N26-EXP20-0349
N26-EXP20-0358,N26-EXP20-0358
N26-EXP20-0369,N26-EXP20-0369
N26-EXP20-0374,N26-EXP20-0374
N26-EXP20-0385,N26-EXP20-0385
N26-EXP20-0408,N26-EXP20-0408
N26-EXP20-0437,N26-EXP20-0437
N26-EXP20-0438,N26-EXP20-0438
N26-EXP20-0444,N26-EXP20-0444
N26-EXP20-0451,N26-EXP20-0451
N26-EXP20-0470,N26-EXP20-0470
N26-EXP20-0471,N26-EXP20-0471
N26-EXP20-0507,N26-EXP20-0507
N26-EXP20-0522,N26-EXP20-0522
N26-EXP20-0523,N26-EXP20-0523
N26-EXP20-0532,N26-EXP20-0532
N26-EXP20-0550,N26-EXP20-0550
N26-EXP20-0563,N26-EXP20-0563
N26-EXP20-0564,N26-EXP20-0564
N26-EXP20-0583,N26-EXP20-0583
N26-EXP20-0588,N26-EXP20-0588
N26-EXP20-0603,N26-EXP20-0603
N26-EXP20-0604,N26-EXP20-0604
N26-EXP20-0609,N26-EXP20-0609
N26-EXP20-0610,N26-EXP20-0610
N26-EXP20-0612,N26-EXP20-0612
N26-EXP20-0613,N26-EXP20-0613
N26-EXP20-0614,N26-EXP20-0614
N26-EXP20-0623,N26-EXP20-0623
N26-EXP20-0627,N26-EXP20-0627
N26-EXP20-0628,N26-EXP20-0628
N26-EXP20-0634,N26-EXP20-0634
N26-EXP20-0641,N26-EXP20-0641
N26-EXP20-0642,N26-EXP20-0642
N26-EXP20-0643,N26-EXP20-0643
N26-EXP20-0645,N26-EXP20-0645
N26-EXP20-0646,N26-EXP20-0646
N26-EXP20-0648,N26-EXP20-0648
N26-EXP20-0652,N26-EXP20-0652
N26-EXP20-0658,N26-EXP20-0658
N26-EXP20-0660,N26-EXP20-0660
N26-EXP20-0662,N26-EXP20-0662
N26-EXP20-0664,N26-EXP20-0664
N26-EXP20-0672,N26-EXP20-0672
N26-EXP20-0673,N26-EXP20-0673
N26-EXP20-0680,N26-EXP20-0680
N26-EXP20-0700,N26-EXP20-0700
N26-EXP20-0702,N26-EXP20-0702
N26-EXP20-0703,N26-EXP20-0703
N26-EXP20-0709,N26-EXP20-0709
N26-EXP20-0712,N26-EXP20-0712
N26-EXP20-0714,N26-EXP20-0714
N26-EXP20-0724,N26-EXP20-0724
N26-EXP20-0725,N26-EXP20-0725
N26-EXP20-0726,N26-EXP20-0726
N26-EXP20-0733,N26-EXP20-0733
N26-EXP20-0736,N26-EXP20-0736
N26-EXP20-0744,N26-EXP20-0744
N26-EXP20-0748,N26-EXP20-0748
N26-EXP20-0749,N26-EXP20-0749
N26-EXP20-0750,N26-EXP20-0750
N26-EXP20-0752,N26-EXP20-0752
N26-EXP20-0753,N26-EXP20-0753
N26-EXP20-0757,N26-EXP20-0757
N26-EXP20-0761,N26-EXP20-0761
N26-EXP20-0764,N26-EXP20-0764
N26-EXP20-0769,N26-EXP20-0769
N26-EXP20-0771,N26-EXP20-0771
N26-EXP20-0774,N26-EXP20-0774
N26-EXP20-0776,N26-EXP20-0776
N26-EXP20-0778,N26-EXP20-0778
N26-EXP20-0785,N26-EXP20-0785
N26-EXP20-0790,N26-EXP20-0790
N26-EXP20-0802,N26-EXP20-0802
N26-EXP20-0809,N26-EXP20-0809
N26-EXP20-0811,N26-EXP20-0811
N26-EXP20-0813,N26-EXP20-0813
N26-EXP20-0815,N26-EXP20-0815
N26-EXP20-0817,N26-EXP20-0817
N26-EXP20-0818,N26-EXP20-0818
N26-EXP20-0819,N26-EXP20-0819
N26-EXP20-0825,N26-EXP20-0825
N26-EXP20-0828,N26-EXP20-0828
N26-EXP20-0829,N26-EXP20-0829
N26-EXP20-0841,N26-EXP20-0841
N26-EXP20-0842,N26-EXP20-0842
N26-EXP20-0846,N26-EXP20-0846
N26-EXP20-0847,N26-EXP20-0847
N26-EXP20-0853,N26-EXP20-0853
N26-EXP20-0859,N26-EXP20-0859
N26-EXP20-0860,N26-EXP20-0860
N26-EXP20-0868,N26-EXP20-0868
N26-EXP20-0870,N26-EXP20-0870
N26-EXP20-0877,N26-EXP20-0877
N26-EXP20-0880,N26-EXP20-0880
N26-EXP20-0883,N26-EXP20-0883
N26-EXP20-0889,N26-EXP20-0889
N26-EXP20-0893,N26-EXP20-0893
N26-EXP20-0907,N26-EXP20-0907
N26-EXP20-0914,N26-EXP20-0914
N26-EXP20-0919,N26-EXP20-0919
N26-EXP20-0921,N26-EXP20-0921
N26-EXP20-0922,N26-EXP20-0922
N26-EXP20-0924,N26-EXP20-0924
N26-EXP20-0927,N26-EXP20-0927
N26-EXP20-0929,N26-EXP20-0929
N26-EXP20-0932,N26-EXP20-0932
N26-EXP20-0938,N26-EXP20-0938
N26-EXP20-0947,N26-EXP20-0947
N26-EXP20-0948,N26-EXP20-0948
N26-EXP20-0951,N26-EXP20-0951
N26-EXP20-0954,N26-EXP20-0954
N26-EXP20-0955,N26-EXP20-0955
N26-EXP20-0956,N26-EXP20-0956
N26-EXP20-0967,N26-EXP20-0967
N26-EXP20-0975,N26-EXP20-0975
N26-EXP20-0979,N26-EXP20-0979
N26-EXP20-0982,N26-EXP20-0982
N26-EXP20-0986,N26-EXP20-0986
N26-EXP20-0993,N26-EXP20-0993
N26-EXP20-0995,N26-EXP20-0995
N26-EXP20-1001,N26-EXP20-1001
N26-EXP20-1004,N26-EXP20-1004
N26-EXP20-1005,N26-EXP20-1005
N26-EXP20-1008,N26-EXP20-1008
N26-EXP20-1010,N26-EXP20-1010
N26-EXP20-1014,N26-EXP20-1014
N26-EXP20-1018,N26-EXP20-1018
N26-EXP20-1021,N26-EXP20-1021
N26-EXP20-1024,N26-EXP20-1024
N26-EXP20-1026,N26-EXP20-1026
N26-EXP20-1032,N26-EXP20-1032
N26-EXP20-1033,N26-EXP20-1033
N26-EXP20-1035,N26-EXP20-1035
N26-EXP20-1037,N26-EXP20-1037
N26-EXP20-1041,N26-EXP20-1041
N26-EXP20-1047,N26-EXP20-1047
N26-EXP20-1061,N26-EXP20-1061
N26-EXP20-1088,N26-EXP20-1088
N26-EXP20-1091,N26-EXP20-1091
N26-EXP20-1094,N26-EXP20-1094
N26-EXP20-1102,N26-EXP20-1102
N26-EXP20-1106,N26-EXP20-1106
N26-EXP20-1107,N26-EXP20-1107
N26-EXP20-1108,N26-EXP20-1108
N26-EXP20-1111,N26-EXP20-1111
N26-EXP20-1116,N26-EXP20-1116
N26-EXP20-1120,N26-EXP20-1120
N26-EXP20-1121,N26-EXP20-1121
N26-EXP20-1122,N26-EXP20-1122
N26-EXP20-1124,N26-EXP20-1124
N26-EXP20-1127,N26-EXP20-1127
N26-EXP20-1129,N26-EXP20-1129
N26-EXP20-1141,N26-EXP20-1141
N26-EXP20-1144,N26-EXP20-1144
N26-EXP20-1145,N26-EXP20-1145
N26-EXP20-1146,N26-EXP20-1146
N26-EXP20-1150,N26-EXP20-1150
N26-EXP20-1151,N26-EXP20-1151
N26-EXP20-1152,N26-EXP20-1152
N26-EXP20-1160,N26-EXP20-1160
N26-EXP20-1170,N26-EXP20-1170
N26-EXP20-1171,N26-EXP20-1171
N26-EXP20-1184,N26-EXP20-1184
N26-EXP20-1188,N26-EXP20-1188
N26-EXP20-1191,N26-EXP20-1191
N26-EXP20-1195,N26-EXP20-1195
N26-EXP20-1198,N26-EXP20-1198
N26-EXP20-1199,N26-EXP20-1199
N26-EXP20-1203,N26-EXP20-1203
N26-EXP20-1204,N26-EXP20-1204
N26-EXP20-1208,N26-EXP20-1208
N26-EXP20-1209,N26-EXP20-1209
N26-EXP20-1210,N26-EXP20-1210
N26-EXP20-1234,N26-EXP20-1234
N26-EXP20-1235,N26-EXP20-1235
N26-EXP20-1239,N26-EXP20-1239
N26-EXP20-1241,N26-EXP20-1241
N26-EXP20-1246,N26-EXP20-1246
N26-EXP20-1280,N26-EXP20-1280
N26-EXP20-1309,N26-EXP20-1309
N26-EXP20-1516,N26-EXP20-1516
N26-EXP20-1521,N26-EXP20-1521
N26-EXP20-1522,N26-EXP20-1522
N26-EXP20-1523,N26-EXP20-1523
N26-EXP20-1524,N26-EXP20-1524
N26-EXP20-1525,N26-EXP20-1525
N26-EXP20-1534,N26-EXP20-1534
N26-EXP20-1535,N26-EXP20-1535
N26-EXP20-1537,N26-EXP20-1537
N26-EXP20-1538,N26-EXP20-1538
N26-EXP20-1541,N26-EXP20-1541
N26-EXP20-1553,N26-EXP20-1553
N26-EXP20-1559,N26-EXP20-1559
N26-EXP20-1566,N26-EXP20-1566
N26-EXP20-1567,N26-EXP20-1567
N26-EXP20-1579,N26-EXP20-1579
N26-EXP20-1586,N26-EXP20-1586
N26-EXP20-1604,N26-EXP20-1604
N26-EXP20-1622,N26-EXP20-1622
N26-EXP20-1625,N26-EXP20-1625
N26-EXP20-1628,N26-EXP20-1628
N26-EXP20-1630,N26-EXP20-1630
N26-EXP20-1636,N26-EXP20-1636
N26-EXP20-1641,N26-EXP20-1641
N26-JED21-0001,N26-JED21-0001
N26-JED21-0002,N26-JED21-0002
N26-JED21-0006,N26-JED21-0006
N26-JED21-0008,N26-JED21-0008
N26-JED21-0011,N26-JED21-0011
N26-JED21-0014,N26-JED21-0014
N26-JED21-0015,N26-JED21-0015
N26-JED21-0018,N26-JED21-0018
N26-JED21-0022,N26-JED21-0022
N26-JED21-0024,N26-JED21-0024
N26-JED21-0025,N26-JED21-0025
N26-JED21-0029,N26-JED21-0029
N26-JED21-0030,N26-JED21-0030
N26-JED21-0033,N26-JED21-0033
N26-JED21-0034,N26-JED21-0034
N26-JED21-0035,N26-JED21-0035
N26-JED21-0036,N26-JED21-0036
N26-JED21-0037,N26-JED21-0037
N26-JED21-0040,N26-JED21-0040
N26-JED21-0048,N26-JED21-0048
N26-JED21-0052,N26-JED21-0052
N26-JED21-0065,N26-JED21-0065
N26-JED21-0066,N26-JED21-0066
N26-JED21-0068,N26-JED21-0068
N26-JED21-0074,N26-JED21-0074
N26-JED21-0076,N26-JED21-0076
N26-JED21-0082,N26-JED21-0082
N26-JED21-0084,N26-JED21-0084
N26-JED21-0085,N26-JED21-0085
N26-JED21-0095,N26-JED21-0095
N26-JED21-0097,N26-JED21-0097
N26-JED21-0098,N26-JED21-0098
N26-JED21-0101,N26-JED21-0101
N26-JED21-0102,N26-JED21-0102
N26-JED21-0103,N26-JED21-0103
N26-JED21-0104,N26-JED21-0104
N26-JED21-0106,N26-JED21-0106
N26-JED21-0108,N26-JED21-0108
N26-JED21-0109,N26-JED21-0109
N26-JED21-0111,N26-JED21-0111
N26-JED21-0113,N26-JED21-0113
N26-JED21-0114,N26-JED21-0114
N26-JED21-0115,N26-JED21-0115
N26-JED21-0116,N26-JED21-0116
N26-JED21-0123,N26-JED21-0123
N26-JED21-0124,N26-JED21-0124
N26-JED21-0126,N26-JED21-0126
N26-JED21-0129,N26-JED21-0129
N26-JED21-0136,N26-JED21-0136
N26-JED21-0138,N26-JED21-0138
N26-JED21-0139,N26-JED21-0139
N26-JED21-0143,N26-JED21-0143
N26-JED21-0144,N26-JED21-0144
N26-JED21-0145,N26-JED21-0145
N26-JED21-0146,N26-JED21-0146
N26-JED21-0148,N26-JED21-0148
N26-JED21-0151,N26-JED21-0151
N26-JED21-0153,N26-JED21-0153
N26-JED21-0155,N26-JED21-0155
N26-JED21-0163,N26-JED21-0163
N26-JED21-0164,N26-JED21-0164
N26-JED21-0165,N26-JED21-0165
N26-JED21-0166,N26-JED21-0166
N26-JED21-0171,N26-JED21-0171
N26-JED21-0173,N26-JED21-0173
N26-JED21-0175,N26-JED21-0175
N26-JED21-0180,N26-JED21-0180
N26-JED21-0181,N26-JED21-0181
N26-JED21-0184,N26-JED21-0184
N26-JED21-0185,N26-JED21-0185
N26-JED21-0188,N26-JED21-0188
N26-JED21-0193,N26-JED21-0193
N26-JED21-0195,N26-JED21-0195
N26-JED21-0196,N26-JED21-0196
N26-JED21-0198,N26-JED21-0198
N26-JED21-0202,N26-JED21-0202
N26-JED21-0205,N26-JED21-0205
N26-JED21-0206,N26-JED21-0206
N26-JED21-0207,N26-JED21-0207
N26-JED21-0216,N26-JED21-0216
N26-JED21-0219,N26-JED21-0219
N26-JED21-0220,N26-JED21-0220
N26-JED21-0225,N26-JED21-0225
N26-JED21-0233,N26-JED21-0233
N26-JED21-0236,N26-JED21-0236
N26-JED21-0238,N26-JED21-0238
N26-JED21-0241,N26-JED21-0241
N26-JED21-0242,N26-JED21-0242
N26-JED21-0246,N26-JED21-0246
N26-JED21-0248,N26-JED21-0248
N26-JED21-0253,N26-JED21-0253
N26-JED21-0256,N26-JED21-0256
N35-EXP20-0003,N35-EXP20-0003
N35-EXP20-0007,N35-EXP20-0007
N35-EXP20-0031,N35-EXP20-0031
N35-EXP20-0055,N35-EXP20-0055
N35-EXP20-0065,N35-EXP20-0065
N35-EXP20-0071,N35-EXP20-0071
N35-EXP20-0074,N35-EXP20-0074
N35-EXP20-0096,N35-EXP20-0096
N35-EXP20-0100,N35-EXP20-0100
N35-EXP20-0104,N35-EXP20-0104
N35-EXP20-0110,N35-EXP20-0110
N35-EXP20-0111,N35-EXP20-0111
N35-EXP20-0112,N35-EXP20-0112
N35-EXP20-0113,N35-EXP20-0113
N35-EXP20-0114,N35-EXP20-0114
N35-EXP20-0125,N35-EXP20-0125
N35-EXP20-0130,N35-EXP20-0130
N35-EXP20-0140,N35-EXP20-0140
N35-EXP20-0141,N35-EXP20-0141
N35-EXP20-0147,N35-EXP20-0147
N35-EXP20-0149,N35-EXP20-0149
N35-EXP20-0163,N35-EXP20-0163
N35-EXP20-0166,N35-EXP20-0166
N35-EXP20-0167,N35-EXP20-0167
N35-EXP20-0168,N35-EXP20-0168
N35-EXP20-0176,N35-EXP20-0176
N35-EXP20-0177,N35-EXP20-0177
N35-EXP20-0191,N35-EXP20-0191
N35-EXP20-0193,N35-EXP20-0193
N35-EXP20-0206,N35-EXP20-0206
N35-EXP20-0218,N35-EXP20-0218
N35-EXP20-0222,N35-EXP20-0222
N35-EXP20-0229,N35-EXP20-0229
N35-EXP20-0237,N35-EXP20-0237
N35-EXP20-0260,N35-EXP20-0260
N35-JED21-0001,N35-JED21-0001
N35-JED21-0003,N35-JED21-0003
N35-JED21-0006,N35-JED21-0006
N35-JED21-0014,N35-JED21-0014
N35-JED21-0016,N35-JED21-0016
N35-JED21-0019,N35-JED21-0019
N35-JED21-0020,N35-JED21-0020
N35-JED21-0023,N35-JED21-0023
N35-JED21-0026,N35-JED21-0026
N35-JED21-0027,N35-JED21-0027
N35-JED21-0029,N35-JED21-0029
N35-JED21-0030,N35-JED21-0030
N35-JED21-0032,N35-JED21-0032
N35-JED21-0034,N35-JED21-0034
N35-JED21-0042,N35-JED21-0042
N35-JED21-0043,N35-JED21-0043
N35-JED21-0044,N35-JED21-0044
N35-JED21-0047,N35-JED21-0047
N35-JED21-0048,N35-JED21-0048
N35-JED21-0050,N35-JED21-0050
N35-JED21-0051,N35-JED21-0051
N35-JED21-0053,N35-JED21-0053
N35-JED21-0054,N35-JED21-0054
N35-JED21-0055,N35-JED21-0055
N35-JED21-0059,N35-JED21-0059
N35-JED21-0062,N35-JED21-0062
N35-JED21-0065,N35-JED21-0065
N35-JED21-0067,N35-JED21-0067
N35-JED21-0072,N35-JED21-0072
N35-JED21-0073,N35-JED21-0073
N35-JED21-0074,N35-JED21-0074
N35-JED21-0075,N35-JED21-0075
N35-JED21-0080,N35-JED21-0080
N35-JED21-0087,N35-JED21-0087
N35-JED21-0091,N35-JED21-0091
N35-JED21-0092,N35-JED21-0092
N35-JED21-0111,N35-JED21-0111
NR26-4T4R-0049,NR26-4T4R-0049
NR26-4T4R21-0031,NR26-4T4R21-0031
RED-EXP20-0063,RED-EXP20-0063
RED-EXP20-0085,RED-EXP20-0085
RED-EXP20-0221,RED-EXP20-0221
RED-EXP20-0235,RED-EXP20-0235
RED-EXP20-0356,RED-EXP20-0356
RED-EXP20-0542,RED-EXP20-0542
RED-EXP20-0690,RED-EXP20-0690
RED-EXP20-0828,RED-EXP20-0828
RED-EXP20-0925,RED-EXP20-0925
RED-EXP20-1157,RED-EXP20-1157
RED-EXP20-1282,RED-EXP20-1282
RED-EXP20-1305,RED-EXP20-1305
RED-EXP20-1307,RED-EXP20-1307
RED-EXP20-1370,RED-EXP20-1370
RED-EXP20-1390,RED-EXP20-1390
RED-EXP20-1393,RED-EXP20-1393
RED-EXP20-1439,RED-EXP20-1439
RED-EXP20-1528,RED-EXP20-1528
RED-EXP20-1645,RED-EXP20-1645
RED-EXP20-1761,RED-EXP20-1761
RED-EXP20-1817,RED-EXP20-1817
RED-EXP20-1929,RED-EXP20-1929
RED-EXP20-2011,RED-EXP20-2011
RED-EXP20-2019,RED-EXP20-2019
RED-EXP20-2032,RED-EXP20-2032
RED-EXP20-2158,RED-EXP20-2158
RED-EXP20-2277,RED-EXP20-2277
RED-EXP20-2425,RED-EXP20-2425
RED-EXP20-2682,RED-EXP20-2682
RED-EXP20-2714,RED-EXP20-2714
RED-EXP20-2757,RED-EXP20-2757
WTT-EXP19-0017,WTT-EXP19-0017
WTT-EXP19-0020,WTT-EXP19-0020
WTT-EXP19-0033,WTT-EXP19-0033
WTT-EXP19-0074,WTT-EXP19-0074
WTT-EXP19-0147,WTT-EXP19-0147
WTT-EXP19-0156,WTT-EXP19-0156
WTT-EXP19-0190,WTT-EXP19-0190
WTT-EXP19-0204,WTT-EXP19-0204
WTT-EXP19-0209,WTT-EXP19-0209
WTT-EXP19-0266,WTT-EXP19-0266
WTT-EXP19-0298,WTT-EXP19-0298
WTT-EXP19-0319,WTT-EXP19-0319
WTT-EXP19-0343,WTT-EXP19-0343
WTT-EXP19-0462,WTT-EXP19-0462
WTT-EXP19-0497,WTT-EXP19-0497
WTT-EXP19-0522,WTT-EXP19-0522
WTT-EXP19-0615,WTT-EXP19-0615
WTT-EXP19-0621,WTT-EXP19-0621
WTT-EXP19-0662,WTT-EXP19-0662
WTT-EXP19-0689,WTT-EXP19-0689
WTT-EXP19-0696,WTT-EXP19-0696
WTT-EXP19-0749,WTT-EXP19-0749
WTT-EXP19-0772,WTT-EXP19-0772
WTT-EXP19-0783,WTT-EXP19-0783
WTT-EXP19-0800,WTT-EXP19-0800
WTT-EXP19-0809,WTT-EXP19-0809
WTT-EXP19-0814,WTT-EXP19-0814
WTT-EXP19-0831,WTT-EXP19-0831
WTT-EXP19-0834,WTT-EXP19-0834
WTT-EXP19-0840,WTT-EXP19-0840
WTT-EXP19-0850,WTT-EXP19-0850
WTT-EXP19-0862,WTT-EXP19-0862
WTT-EXP19-0865,WTT-EXP19-0865
WTT-EXP19-0874,WTT-EXP19-0874
WTT-EXP19-0913,WTT-EXP19-0913
WTT-EXP19-0914,WTT-EXP19-0914
WTT-EXP19-0942,WTT-EXP19-0942
WTT-EXP20-0009,WTT-EXP20-0009
WTT-EXP20-0017,WTT-EXP20-0017
WTT-EXP20-0041,WTT-EXP20-0041
WTT-EXP20-0050,WTT-EXP20-0050
WTT-EXP20-0055,WTT-EXP20-0055
WTT-EXP20-0067,WTT-EXP20-0067
WTT-EXP20-0070,WTT-EXP20-0070
